Country_Name,Country_Code,Year,gdp
Afghanistan,AFG,2001,117.4096908
Afghanistan,AFG,2002,187.845095
Afghanistan,AFG,2003,198.7285436
Afghanistan,AFG,2004,219.1413528
Afghanistan,AFG,2005,250.2941299
Afghanistan,AFG,2006,272.563077
Afghanistan,AFG,2007,369.835796
Afghanistan,AFG,2008,373.3611163
Albania,ALB,1996,1046.358511
Albania,ALB,1997,749.584649
Albania,ALB,1998,865.3021618
Albania,ALB,1999,1098.425463
Albania,ALB,2000,1175.788981
Albania,ALB,2001,1326.970339
Albania,ALB,2002,1453.642777
Albania,ALB,2003,1890.681557
Albania,ALB,2004,2416.588235
Albania,ALB,2005,2709.142931
Albania,ALB,2006,3005.012903
Albania,ALB,2007,3603.013685
Albania,ALB,2008,4370.539647
Algeria,DZA,1996,1596.029867
Algeria,DZA,1997,1612.009303
Algeria,DZA,1998,1588.481449
Algeria,DZA,1999,1581.004564
Algeria,DZA,2000,1757.017797
Algeria,DZA,2001,1732.857979
Algeria,DZA,2002,1774.033673
Algeria,DZA,2003,2094.335506
Algeria,DZA,2004,2598.908023
Algeria,DZA,2005,3100.122378
Algeria,DZA,2006,3464.610079
Algeria,DZA,2007,3935.183343
Algeria,DZA,2008,4905.254866
American Samoa,ASM,2002,8751.766529
American Samoa,ASM,2003,8914.525433
American Samoa,ASM,2004,8639.308855
American Samoa,ASM,2005,8508.406915
American Samoa,ASM,2006,8456.947997
American Samoa,ASM,2007,8980.536414
American Samoa,ASM,2008,9871.997194
Andorra,AND,1996,19017.17459
Andorra,AND,1997,18353.05972
Andorra,AND,1998,18894.5215
Andorra,AND,1999,19261.7105
Andorra,AND,2000,21936.5301
Andorra,AND,2001,22228.84649
Andorra,AND,2002,24741.49357
Andorra,AND,2003,32776.44227
Andorra,AND,2004,38503.47961
Andorra,AND,2005,41282.02012
Andorra,AND,2006,43748.77216
Andorra,AND,2007,48582.80846
Andorra,AND,2008,47785.65909
Angola,AGO,1996,512.6209659
Angola,AGO,1997,506.8849522
Angola,AGO,1998,415.6933459
Angola,AGO,1999,385.7688535
Angola,AGO,2000,555.2969419
Angola,AGO,2001,526.168743
Angola,AGO,2002,711.181716
Angola,AGO,2003,779.4683056
Angola,AGO,2004,1041.086844
Angola,AGO,2005,1443.991929
Angola,AGO,2006,2062.415149
Angola,AGO,2007,2878.837144
Angola,AGO,2008,3868.578883
Antigua and Barbuda,ATG,1996,8379.576739
Antigua and Barbuda,ATG,1997,8755.156499
Antigua and Barbuda,ATG,1998,9115.234532
Antigua and Barbuda,ATG,1999,9363.18664
Antigua and Barbuda,ATG,2000,9932.029681
Antigua and Barbuda,ATG,2001,9414.160591
Antigua and Barbuda,ATG,2002,9443.063591
Antigua and Barbuda,ATG,2003,9801.966935
Antigua and Barbuda,ATG,2004,10419.31113
Antigua and Barbuda,ATG,2005,11452.73878
Antigua and Barbuda,ATG,2006,12812.76444
Antigua and Barbuda,ATG,2007,14350.91889
Antigua and Barbuda,ATG,2008,14797.36842
Argentina,ARG,1996,7683.574065
Argentina,ARG,1997,8172.664323
Argentina,ARG,1998,8248.761989
Argentina,ARG,1999,7736.369623
Argentina,ARG,2000,7669.273916
Argentina,ARG,2001,7170.694674
Argentina,ARG,2002,2579.193168
Argentina,ARG,2003,3330.437006
Argentina,ARG,2004,4251.574348
Argentina,ARG,2005,5076.883829
Argentina,ARG,2006,5878.761027
Argentina,ARG,2007,7193.61764
Argentina,ARG,2008,8953.359275
Armenia,ARM,1996,504.059514
Armenia,ARM,1997,523.2835691
Armenia,ARM,1998,609.1730254
Armenia,ARM,1999,597.4334817
Armenia,ARM,2000,622.7427477
Armenia,ARM,2001,694.4305119
Armenia,ARM,2002,783.2616099
Armenia,ARM,2003,930.1661567
Armenia,ARM,2004,1191.96192
Armenia,ARM,2005,1643.758543
Armenia,ARM,2006,2158.002909
Armenia,ARM,2007,3138.808703
Armenia,ARM,2008,4010.026997
Aruba,ABW,1996,16585.19553
Aruba,ABW,1997,17926.57284
Aruba,ABW,1998,19081.35166
Aruba,ABW,1999,19356.20339
Aruba,ABW,2000,20620.70063
Aruba,ABW,2001,20670.65566
Aruba,ABW,2002,20434.29944
Aruba,ABW,2003,20834.5102
Aruba,ABW,2004,22567.82492
Aruba,ABW,2005,23302.83199
Aruba,ABW,2006,24014.94427
Aruba,ABW,2007,25921.02605
Aruba,ABW,2008,27546.89939
Australia,AUS,1996,21944.15506
Australia,AUS,1997,23551.22217
Australia,AUS,1998,21365.98141
Australia,AUS,1999,20561.47678
Australia,AUS,2000,21690.921
Australia,AUS,2001,19517.84168
Australia,AUS,2002,20081.81763
Australia,AUS,2003,23465.38559
Australia,AUS,2004,30472.37977
Australia,AUS,2005,34016.71483
Australia,AUS,2006,36118.28381
Australia,AUS,2007,40991.98289
Australia,AUS,2008,49664.68504
Austria,AUT,1996,29809.07677
Austria,AUT,1997,26705.4786
Austria,AUT,1998,27361.87511
Austria,AUT,1999,27174.29716
Austria,AUT,2000,24564.45829
Austria,AUT,2001,24537.51426
Austria,AUT,2002,26401.74546
Austria,AUT,2003,32222.89724
Austria,AUT,2004,36821.52147
Austria,AUT,2005,38403.13388
Austria,AUT,2006,40635.28182
Austria,AUT,2007,46855.77175
Austria,AUT,2008,51708.76575
Azerbaijan,AZE,1996,409.2167452
Azerbaijan,AZE,1997,505.5605732
Azerbaijan,AZE,1998,561.9103017
Azerbaijan,AZE,1999,573.8902562
Azerbaijan,AZE,2000,655.0974326
Azerbaijan,AZE,2001,703.6838434
Azerbaijan,AZE,2002,763.0730858
Azerbaijan,AZE,2003,883.6439965
Azerbaijan,AZE,2004,1045.02163
Azerbaijan,AZE,2005,1578.40239
Azerbaijan,AZE,2006,2473.085776
Azerbaijan,AZE,2007,3851.437869
Azerbaijan,AZE,2008,5574.603802
"Bahamas, The",BHS,1996,12717.15001
"Bahamas, The",BHS,1997,17287.93602
"Bahamas, The",BHS,1998,18456.60898
"Bahamas, The",BHS,1999,20505.94743
"Bahamas, The",BHS,2000,21241.2367
"Bahamas, The",BHS,2001,21497.52091
"Bahamas, The",BHS,2002,22506.35114
"Bahamas, The",BHS,2003,22009.20043
"Bahamas, The",BHS,2004,21996.40649
"Bahamas, The",BHS,2005,23405.45302
"Bahamas, The",BHS,2006,23719.10788
"Bahamas, The",BHS,2007,24301.24325
"Bahamas, The",BHS,2008,23652.33053
Bahrain,BHR,1996,10544.66713
Bahrain,BHR,1997,10672.18394
Bahrain,BHR,1998,10076.18778
Bahrain,BHR,1999,10401.48045
Bahrain,BHR,2000,13636.34668
Bahrain,BHR,2001,12868.211
Bahrain,BHR,2002,13102.33457
Bahrain,BHR,2003,14221.99259
Bahrain,BHR,2004,15846.47641
Bahrain,BHR,2005,17959.17854
Bahrain,BHR,2006,19307.99549
Bahrain,BHR,2007,20977.11053
Bahrain,BHR,2008,23067.56535
Bangladesh,BGD,1996,382.9357493
Bangladesh,BGD,1997,389.5236244
Bangladesh,BGD,1998,395.2974607
Bangladesh,BGD,1999,397.3548219
Bangladesh,BGD,2000,405.6033071
Bangladesh,BGD,2001,402.5981152
Bangladesh,BGD,2002,400.6135745
Bangladesh,BGD,2003,432.7388972
Bangladesh,BGD,2004,460.7579167
Bangladesh,BGD,2005,484.1554071
Bangladesh,BGD,2006,494.0501466
Bangladesh,BGD,2007,541.0651484
Bangladesh,BGD,2008,615.7775411
Barbados,BRB,1996,9069.168909
Barbados,BRB,1997,9549.894079
Barbados,BRB,1998,10727.59584
Barbados,BRB,1999,11200.57763
Barbados,BRB,2000,11567.66612
Barbados,BRB,2001,11513.93686
Barbados,BRB,2002,11675.34754
Barbados,BRB,2003,12028.48034
Barbados,BRB,2004,12868.78733
Barbados,BRB,2005,14223.25544
Barbados,BRB,2006,15439.99215
Barbados,BRB,2007,16381.49556
Barbados,BRB,2008,16613.71922
Belarus,BLR,1996,1452.447002
Belarus,BLR,1997,1396.502166
Belarus,BLR,1998,1511.770268
Belarus,BLR,1999,1210.6116
Belarus,BLR,2000,1276.288034
Belarus,BLR,2001,1244.373185
Belarus,BLR,2002,1479.383142
Belarus,BLR,2003,1819.525644
Belarus,BLR,2004,2378.339207
Belarus,BLR,2005,3126.071767
Belarus,BLR,2006,3848.215966
Belarus,BLR,2007,4735.484827
Belarus,BLR,2008,6377.369732
Belgium,BEL,1996,27701.90329
Belgium,BEL,1997,25027.74459
Belgium,BEL,1998,25541.67472
Belgium,BEL,1999,25444.13926
Belgium,BEL,2000,23207.40591
Belgium,BEL,2001,23121.60114
Belgium,BEL,2002,25052.33939
Belgium,BEL,2003,30743.90254
Belgium,BEL,2004,35589.68912
Belgium,BEL,2005,36967.25918
Belgium,BEL,2006,38852.37293
Belgium,BEL,2007,44403.7669
Belgium,BEL,2008,48424.5756
Belize,BLZ,1996,3001.665138
Belize,BLZ,1997,2952.602141
Belize,BLZ,1998,2991.924971
Belize,BLZ,1999,3065.492248
Belize,BLZ,2000,3364.423711
Belize,BLZ,2001,3419.275719
Belize,BLZ,2002,3556.561825
Belize,BLZ,2003,3679.909523
Belize,BLZ,2004,3831.538019
Belize,BLZ,2005,3933.332215
Belize,BLZ,2006,4187.37803
Belize,BLZ,2007,4324.876427
Belize,BLZ,2008,4470.220796
Benin,BEN,1996,387.4329246
Benin,BEN,1997,361.1002698
Benin,BEN,1998,379.442354
Benin,BEN,1999,403.6237038
Benin,BEN,2000,374.1923942
Benin,BEN,2001,378.736054
Benin,BEN,2002,418.6985763
Benin,BEN,2003,519.2922847
Benin,BEN,2004,583.4093514
Benin,BEN,2005,601.799977
Benin,BEN,2006,625.830092
Benin,BEN,2007,706.0535419
Benin,BEN,2008,820.1513498
Bermuda,BMU,1996,44826.78907
Bermuda,BMU,1997,48478.88325
Bermuda,BMU,1998,51371.74081
Bermuda,BMU,1999,54245.45974
Bermuda,BMU,2000,56284.16865
Bermuda,BMU,2001,58883.95943
Bermuda,BMU,2002,62583.1002
Bermuda,BMU,2003,66111.72523
Bermuda,BMU,2004,70359.31911
Bermuda,BMU,2005,75882.03386
Bermuda,BMU,2006,83912.6978
Bermuda,BMU,2007,90849.58698
Bermuda,BMU,2008,93605.74817
Bhutan,BTN,1996,609.3430176
Bhutan,BTN,1997,692.1262064
Bhutan,BTN,1998,695.2902533
Bhutan,BTN,1999,751.5757717
Bhutan,BTN,2000,765.8632358
Bhutan,BTN,2001,807.9387673
Bhutan,BTN,2002,885.6382245
Bhutan,BTN,2003,997.7417141
Bhutan,BTN,2004,1097.457088
Bhutan,BTN,2005,1247.061392
Bhutan,BTN,2006,1335.456906
Bhutan,BTN,2007,1741.142552
Bhutan,BTN,2008,1795.181307
Bolivia,BOL,1996,958.4737662
Bolivia,BOL,1997,1006.964739
Bolivia,BOL,1998,1058.71875
Bolivia,BOL,1999,1012.509773
Bolivia,BOL,2000,1007.002869
Bolivia,BOL,2001,958.2366524
Bolivia,BOL,2002,913.5756423
Bolivia,BOL,2003,917.3643105
Bolivia,BOL,2004,978.3346485
Bolivia,BOL,2005,1046.427384
Bolivia,BOL,2006,1233.594435
Bolivia,BOL,2007,1389.634888
Bolivia,BOL,2008,1736.935051
Bosnia and Herzegovina,BIH,1996,736.9753294
Bosnia and Herzegovina,BIH,1997,978.516728
Bosnia and Herzegovina,BIH,1998,1097.644555
Bosnia and Herzegovina,BIH,1999,1246.497114
Bosnia and Herzegovina,BIH,2000,1461.75052
Bosnia and Herzegovina,BIH,2001,1524.412022
Bosnia and Herzegovina,BIH,2002,1761.537647
Bosnia and Herzegovina,BIH,2003,2214.732246
Bosnia and Herzegovina,BIH,2004,2650.642661
Bosnia and Herzegovina,BIH,2005,2968.411806
Bosnia and Herzegovina,BIH,2006,3404.321698
Bosnia and Herzegovina,BIH,2007,4180.292176
Bosnia and Herzegovina,BIH,2008,5078.314577
Botswana,BWA,1996,3022.176753
Botswana,BWA,1997,3065.527268
Botswana,BWA,1998,2869.182503
Botswana,BWA,1999,3226.295674
Botswana,BWA,2000,3349.068823
Botswana,BWA,2001,3128.097793
Botswana,BWA,2002,3055.618382
Botswana,BWA,2003,4163.065906
Botswana,BWA,2004,4896.583835
Botswana,BWA,2005,5351.253732
Botswana,BWA,2006,5374.554867
Botswana,BWA,2007,5714.047937
Botswana,BWA,2008,5623.379566
Brazil,BRA,1996,5156.805408
Brazil,BRA,1997,5271.411137
Brazil,BRA,1998,5075.631114
Brazil,BRA,1999,3469.503972
Brazil,BRA,2000,3739.119036
Brazil,BRA,2001,3146.950177
Brazil,BRA,2002,2819.649531
Brazil,BRA,2003,3059.587582
Brazil,BRA,2004,3623.047667
Brazil,BRA,2005,4770.182746
Brazil,BRA,2006,5860.145975
Brazil,BRA,2007,7313.557962
Brazil,BRA,2008,8787.610375
Brunei Darussalam,BRN,1996,16789.03717
Brunei Darussalam,BRN,1997,16656.08988
Brunei Darussalam,BRN,1998,12690.68932
Brunei Darussalam,BRN,1999,14097.93159
Brunei Darussalam,BRN,2000,18008.44826
Brunei Darussalam,BRN,2001,16468.12886
Brunei Darussalam,BRN,2002,16846.02198
Brunei Darussalam,BRN,2003,18555.56649
Brunei Darussalam,BRN,2004,21896.60527
Brunei Darussalam,BRN,2005,26102.13345
Brunei Darussalam,BRN,2006,30980.96692
Brunei Darussalam,BRN,2007,32672.36717
Brunei Darussalam,BRN,2008,37951.2806
Bulgaria,BGR,1996,1208.850233
Bulgaria,BGR,1997,1346.91277
Bulgaria,BGR,1998,1771.993943
Bulgaria,BGR,1999,1643.609895
Bulgaria,BGR,2000,1609.280586
Bulgaria,BGR,2001,1764.907387
Bulgaria,BGR,2002,2087.534843
Bulgaria,BGR,2003,2710.468024
Bulgaria,BGR,2004,3381.507837
Bulgaria,BGR,2005,3893.68998
Bulgaria,BGR,2006,4513.13628
Bulgaria,BGR,2007,5932.899677
Bulgaria,BGR,2008,7261.754492
Burkina Faso,BFA,1996,249.3602944
Burkina Faso,BFA,1997,229.4931177
Burkina Faso,BFA,1998,255.7182334
Burkina Faso,BFA,1999,265.3401156
Burkina Faso,BFA,2000,226.4759814
Burkina Faso,BFA,2001,235.4912324
Burkina Faso,BFA,2002,260.7635413
Burkina Faso,BFA,2003,332.3443051
Burkina Faso,BFA,2004,371.3230865
Burkina Faso,BFA,2005,406.9988071
Burkina Faso,BFA,2006,422.6332374
Burkina Faso,BFA,2007,475.1100122
Burkina Faso,BFA,2008,569.7612784
Burundi,BDI,1996,143.8532933
Burundi,BDI,1997,159.1755281
Burundi,BDI,1998,144.4746122
Burundi,BDI,1999,128.6964397
Burundi,BDI,2000,135.9984455
Burundi,BDI,2001,133.7427689
Burundi,BDI,2002,122.4335893
Burundi,BDI,2003,112.8493703
Burundi,BDI,2004,127.4296648
Burundi,BDI,2005,150.5070434
Burundi,BDI,2006,165.8794176
Burundi,BDI,2007,170.7999005
Burundi,BDI,2008,196.2472628
Cabo Verde,CPV,1996,1258.80907
Cabo Verde,CPV,1997,1201.956656
Cabo Verde,CPV,1998,1250.615376
Cabo Verde,CPV,1999,1389.719796
Cabo Verde,CPV,2000,1239.377855
Cabo Verde,CPV,2001,1268.884564
Cabo Verde,CPV,2002,1373.515636
Cabo Verde,CPV,2003,1768.921302
Cabo Verde,CPV,2004,1976.458506
Cabo Verde,CPV,2005,2048.13459
Cabo Verde,CPV,2006,2304.289902
Cabo Verde,CPV,2007,3112.285712
Cabo Verde,CPV,2008,3638.905946
Cambodia,KHM,1996,319.3632544
Cambodia,KHM,1997,304.837993
Cambodia,KHM,1998,269.054641
Cambodia,KHM,1999,295.9735957
Cambodia,KHM,2000,300.6850949
Cambodia,KHM,2001,321.2263004
Cambodia,KHM,2002,339.0676984
Cambodia,KHM,2003,362.4213785
Cambodia,KHM,2004,408.6105184
Cambodia,KHM,2005,474.2238766
Cambodia,KHM,2006,539.8791529
Cambodia,KHM,2007,631.675789
Cambodia,KHM,2008,745.7877873
Cameroon,CMR,1996,761.151765
Cameroon,CMR,1997,764.7846067
Cameroon,CMR,1998,730.7326938
Cameroon,CMR,1999,751.9782914
Cameroon,CMR,2000,660.1926971
Cameroon,CMR,2001,661.7774417
Cameroon,CMR,2002,719.8896584
Cameroon,CMR,2003,881.0102086
Cameroon,CMR,2004,1027.823
Cameroon,CMR,2005,1030.038193
Cameroon,CMR,2006,1081.369831
Cameroon,CMR,2007,1215.808213
Cameroon,CMR,2008,1396.824988
Canada,CAN,1996,21183.22008
Canada,CAN,1997,21770.13408
Canada,CAN,1998,20887.83947
Canada,CAN,1999,22167.22585
Canada,CAN,2000,24124.16917
Canada,CAN,2001,23691.59472
Canada,CAN,2002,24167.80431
Canada,CAN,2003,28172.14883
Canada,CAN,2004,31979.87195
Canada,CAN,2005,36189.58838
Canada,CAN,2006,40386.69948
Canada,CAN,2007,44544.5268
Canada,CAN,2008,46596.33599
Cayman Islands,CYM,1996,30189.76843
Cayman Islands,CYM,2006,64100.9077
Central African Republic,CAF,1996,293.3188854
Central African Republic,CAF,1997,266.6076447
Central African Republic,CAF,1998,268.9004231
Central African Republic,CAF,1999,271.8551165
Central African Republic,CAF,2000,243.5429317
Central African Republic,CAF,2001,243.1586486
Central African Republic,CAF,2002,253.7068343
Central African Republic,CAF,2003,286.2508019
Central African Republic,CAF,2004,313.210598
Central African Republic,CAF,2005,323.9805112
Central African Republic,CAF,2006,347.6073678
Central African Republic,CAF,2007,397.1480467
Central African Republic,CAF,2008,456.8614334
Chad,TCD,1996,221.9742723
Chad,TCD,1997,206.1441026
Chad,TCD,1998,224.8661479
Chad,TCD,1999,190.8359826
Chad,TCD,2000,166.0231785
Chad,TCD,2001,197.3156442
Chad,TCD,2002,220.8054821
Chad,TCD,2003,292.5914364
Chad,TCD,2004,454.6765879
Chad,TCD,2005,660.2421396
Chad,TCD,2006,712.1847694
Chad,TCD,2007,801.683884
Chad,TCD,2008,929.7702391
Channel Islands,CHI,1998,40537.51169
Channel Islands,CHI,1999,42405.49714
Channel Islands,CHI,2000,43299.40114
Channel Islands,CHI,2001,41610.13058
Channel Islands,CHI,2002,44159.21077
Channel Islands,CHI,2003,48226.39668
Channel Islands,CHI,2004,55844.11669
Channel Islands,CHI,2005,57210.73229
Channel Islands,CHI,2006,62261.82801
Channel Islands,CHI,2007,73569.64496
Chile,CHL,1996,5382.846519
Chile,CHL,1997,5781.103423
Chile,CHL,1998,5479.498064
Chile,CHL,1999,4986.007417
Chile,CHL,2000,5101.368479
Chile,CHL,2001,4595.666327
Chile,CHL,2002,4463.545867
Chile,CHL,2003,4787.699532
Chile,CHL,2004,6210.828325
Chile,CHL,2005,7615.30468
Chile,CHL,2006,9484.681227
Chile,CHL,2007,10526.87746
Chile,CHL,2008,10781.36608
China,CHN,1996,709.4137551
China,CHN,1997,781.7441643
China,CHN,1998,828.5804793
China,CHN,1999,873.2870617
China,CHN,2000,959.3724836
China,CHN,2001,1053.108243
China,CHN,2002,1148.50829
China,CHN,2003,1288.643252
China,CHN,2004,1508.668098
China,CHN,2005,1753.417829
China,CHN,2006,2099.229435
China,CHN,2007,2695.365917
China,CHN,2008,3471.248054
Colombia,COL,1996,2553.549692
Colombia,COL,1997,2759.952748
Colombia,COL,1998,2509.139633
Colombia,COL,1999,2164.432929
Colombia,COL,2000,2472.197831
Colombia,COL,2001,2395.856551
Colombia,COL,2002,2355.725857
Colombia,COL,2003,2246.257472
Colombia,COL,2004,2740.249442
Colombia,COL,2005,3386.025634
Colombia,COL,2006,3709.078764
Colombia,COL,2007,4674.219528
Colombia,COL,2008,5433.720425
Comoros,COM,1996,471.721275
Comoros,COM,1997,422.5487938
Comoros,COM,1998,417.928473
Comoros,COM,1999,420.8779342
Comoros,COM,2000,375.8528566
Comoros,COM,2001,395.9319363
Comoros,COM,2002,433.2691451
Comoros,COM,2003,544.5066526
Comoros,COM,2004,616.4197236
Comoros,COM,2005,621.9033702
Comoros,COM,2006,648.3008717
Comoros,COM,2007,720.7593013
Comoros,COM,2008,795.9705019
"Congo, Dem. Rep.",COD,1996,134.939947
"Congo, Dem. Rep.",COD,1997,138.964642
"Congo, Dem. Rep.",COD,1998,138.615476
"Congo, Dem. Rep.",COD,1999,102.6447985
"Congo, Dem. Rep.",COD,2000,405.4696531
"Congo, Dem. Rep.",COD,2001,153.6995733
"Congo, Dem. Rep.",COD,2002,175.1360715
"Congo, Dem. Rep.",COD,2003,173.9163518
"Congo, Dem. Rep.",COD,2004,194.1667863
"Congo, Dem. Rep.",COD,2005,218.5235092
"Congo, Dem. Rep.",COD,2006,252.8430454
"Congo, Dem. Rep.",COD,2007,280.1217437
"Congo, Dem. Rep.",COD,2008,318.1201341
"Congo, Rep.",COG,1996,882.4250224
"Congo, Rep.",COG,1997,784.0481427
"Congo, Rep.",COG,1998,639.4985852
"Congo, Rep.",COG,1999,750.5265499
"Congo, Rep.",COG,2000,998.1968921
"Congo, Rep.",COG,2001,842.7090677
"Congo, Rep.",COG,2002,886.3616653
"Congo, Rep.",COG,2003,998.1013117
"Congo, Rep.",COG,2004,1289.337837
"Congo, Rep.",COG,2005,1637.064381
"Congo, Rep.",COG,2006,2012.11007
"Congo, Rep.",COG,2007,2111.209489
"Congo, Rep.",COG,2008,2881.594116
Costa Rica,CRI,1996,3230.234155
Costa Rica,CRI,1997,3408.365101
Costa Rica,CRI,1998,3614.562567
Costa Rica,CRI,1999,3688.398314
Costa Rica,CRI,2000,3808.363689
Costa Rica,CRI,2001,3981.528047
Costa Rica,CRI,2002,4062.014965
Costa Rica,CRI,2003,4167.714107
Costa Rica,CRI,2004,4425.507467
Costa Rica,CRI,2005,4697.011135
Costa Rica,CRI,2006,5245.187372
Costa Rica,CRI,2007,6120.623418
Costa Rica,CRI,2008,6911.136136
Cote d'Ivoire,CIV,1996,809.5387372
Cote d'Ivoire,CIV,1997,758.911908
Cote d'Ivoire,CIV,1998,793.9810785
Cote d'Ivoire,CIV,1999,759.2922029
Cote d'Ivoire,CIV,2000,642.254714
Cote d'Ivoire,CIV,2001,656.834565
Cote d'Ivoire,CIV,2002,710.9611683
Cote d'Ivoire,CIV,2003,865.789649
Cote d'Ivoire,CIV,2004,919.8068028
Cote d'Ivoire,CIV,2005,931.754287
Cote d'Ivoire,CIV,2006,951.9478956
Cote d'Ivoire,CIV,2007,1065.896375
Cote d'Ivoire,CIV,2008,1242.431044
Croatia,HRV,1996,5268.805674
Croatia,HRV,1997,5210.430239
Croatia,HRV,1998,5650.332016
Croatia,HRV,1999,5135.473341
Croatia,HRV,2000,4919.628069
Croatia,HRV,2001,5245.421419
Croatia,HRV,2002,6053.716037
Croatia,HRV,2003,7805.881418
Croatia,HRV,2004,9365.742468
Croatia,HRV,2005,10224.30403
Croatia,HRV,2006,11363.41845
Croatia,HRV,2007,13546.69872
Croatia,HRV,2008,15893.86056
Cuba,CUB,1996,2282.389619
Cuba,CUB,1997,2303.090535
Cuba,CUB,1998,2326.112221
Cuba,CUB,1999,2553.06976
Cuba,CUB,2000,2741.110542
Cuba,CUB,2001,2832.188893
Cuba,CUB,2002,2994.339988
Cuba,CUB,2003,3192.669378
Cuba,CUB,2004,3390.716256
Cuba,CUB,2005,3779.05707
Cuba,CUB,2006,4669.060916
Cuba,CUB,2007,5184.494227
Cuba,CUB,2008,5376.447622
Cyprus,CYP,1996,14969.42279
Cyprus,CYP,1997,14303.53857
Cyprus,CYP,1998,15247.29329
Cyprus,CYP,1999,15457.64436
Cyprus,CYP,2000,14672.88206
Cyprus,CYP,2001,15062.92433
Cyprus,CYP,2002,16372.29152
Cyprus,CYP,2003,20293.40789
Cyprus,CYP,2004,23932.49128
Cyprus,CYP,2005,25324.48666
Cyprus,CYP,2006,27169.99256
Cyprus,CYP,2007,31386.63265
Cyprus,CYP,2008,35390.70488
Czech Republic,CZE,1996,6493.863346
Czech Republic,CZE,1997,5996.83381
Czech Republic,CZE,1998,6458.904501
Czech Republic,CZE,1999,6307.698004
Czech Republic,CZE,2000,6011.61522
Czech Republic,CZE,2001,6609.20553
Czech Republic,CZE,2002,8032.896612
Czech Republic,CZE,2003,9773.117503
Czech Republic,CZE,2004,11685.88724
Czech Republic,CZE,2005,13346.17639
Czech Republic,CZE,2006,15183.63605
Czech Republic,CZE,2007,18373.649
Czech Republic,CZE,2008,22698.85396
Denmark,DNK,1996,35650.72434
Denmark,DNK,1997,32835.92877
Denmark,DNK,1998,33368.15485
Denmark,DNK,1999,33440.80162
Denmark,DNK,2000,30743.55917
Denmark,DNK,2001,30751.64946
Denmark,DNK,2002,33228.69291
Denmark,DNK,2003,40458.77064
Denmark,DNK,2004,46511.60457
Denmark,DNK,2005,48799.82037
Denmark,DNK,2006,52026.99311
Denmark,DNK,2007,58487.04501
Denmark,DNK,2008,64322.06664
Djibouti,DJI,1996,767.4669289
Djibouti,DJI,1997,760.5314478
Djibouti,DJI,1998,755.5962418
Djibouti,DJI,1999,765.7204882
Djibouti,DJI,2000,768.1760767
Djibouti,DJI,2001,781.2322196
Djibouti,DJI,2002,792.15412
Djibouti,DJI,2003,819.974118
Djibouti,DJI,2004,864.1847206
Djibouti,DJI,2005,904.7297489
Djibouti,DJI,2006,965.6693779
Djibouti,DJI,2007,1047.586896
Djibouti,DJI,2008,1214.077118
Dominica,DMA,1996,3323.416184
Dominica,DMA,1997,3473.795902
Dominica,DMA,1998,3676.778215
Dominica,DMA,1999,3830.175253
Dominica,DMA,2000,4820.107567
Dominica,DMA,2001,4924.922784
Dominica,DMA,2002,4836.384921
Dominica,DMA,2003,4994.667402
Dominica,DMA,2004,5325.046981
Dominica,DMA,2005,5244.033732
Dominica,DMA,2006,5513.16071
Dominica,DMA,2007,5939.053585
Dominica,DMA,2008,6446.663832
Dominican Republic,DOM,1996,2258.25854
Dominican Republic,DOM,1997,2400.188253
Dominican Republic,DOM,1998,2551.900557
Dominican Republic,DOM,1999,2575.565104
Dominican Republic,DOM,2000,2802.420042
Dominican Republic,DOM,2001,2862.154836
Dominican Republic,DOM,2002,3008.465078
Dominican Republic,DOM,2003,2372.628827
Dominican Republic,DOM,2004,2421.096062
Dominican Republic,DOM,2005,3681.059903
Dominican Republic,DOM,2006,3836.468771
Dominican Republic,DOM,2007,4647.310359
Dominican Republic,DOM,2008,5011.037937
Ecuador,ECU,1996,2159.150814
Ecuador,ECU,1997,2361.599124
Ecuador,ECU,1998,2300.407884
Ecuador,ECU,1999,1584.463443
Ecuador,ECU,2000,1451.290776
Ecuador,ECU,2001,1903.741571
Ecuador,ECU,2002,2183.966796
Ecuador,ECU,2003,2440.46898
Ecuador,ECU,2004,2708.557892
Ecuador,ECU,2005,3021.942547
Ecuador,ECU,2006,3350.786541
Ecuador,ECU,2007,3590.718086
Ecuador,ECU,2008,4274.952065
"Egypt, Arab Rep.",EGY,1996,1041.523448
"Egypt, Arab Rep.",EGY,1997,1185.718121
"Egypt, Arab Rep.",EGY,1998,1258.997552
"Egypt, Arab Rep.",EGY,1999,1321.799713
"Egypt, Arab Rep.",EGY,2000,1428.183004
"Egypt, Arab Rep.",EGY,2001,1370.717438
"Egypt, Arab Rep.",EGY,2002,1210.229249
"Egypt, Arab Rep.",EGY,2003,1120.874928
"Egypt, Arab Rep.",EGY,2004,1045.943208
"Egypt, Arab Rep.",EGY,2005,1168.115231
"Egypt, Arab Rep.",EGY,2006,1375.196316
"Egypt, Arab Rep.",EGY,2007,1640.476068
"Egypt, Arab Rep.",EGY,2008,2011.246154
El Salvador,SLV,1996,1818.694711
El Salvador,SLV,1997,1943.990272
El Salvador,SLV,1998,2078.043077
El Salvador,SLV,1999,2139.793967
El Salvador,SLV,2000,2238.401016
El Salvador,SLV,2001,2338.772244
El Salvador,SLV,2002,2408.4125
El Salvador,SLV,2003,2519.737387
El Salvador,SLV,2004,2632.709942
El Salvador,SLV,2005,2835.281237
El Salvador,SLV,2006,3062.951768
El Salvador,SLV,2007,3304.838107
El Salvador,SLV,2008,3507.347674
Equatorial Guinea,GNQ,1996,443.6325956
Equatorial Guinea,GNQ,1997,812.1715228
Equatorial Guinea,GNQ,1998,654.1473102
Equatorial Guinea,GNQ,1999,1052.852818
Equatorial Guinea,GNQ,2000,1702.684901
Equatorial Guinea,GNQ,2001,2283.879039
Equatorial Guinea,GNQ,2002,2711.170114
Equatorial Guinea,GNQ,2003,3577.176197
Equatorial Guinea,GNQ,2004,6085.348907
Equatorial Guinea,GNQ,2005,10850.63334
Equatorial Guinea,GNQ,2006,12732.02759
Equatorial Guinea,GNQ,2007,15761.83913
Equatorial Guinea,GNQ,2008,22742.38159
Eritrea,ERI,1996,222.5454459
Eritrea,ERI,1997,217.1509292
Eritrea,ERI,1998,231.2266102
Eritrea,ERI,1999,208.6209747
Eritrea,ERI,2000,208.1969487
Eritrea,ERI,2001,215.1392103
Eritrea,ERI,2002,201.7687981
Eritrea,ERI,2003,232.7945459
Eritrea,ERI,2004,287.4222243
Eritrea,ERI,2005,276.7508096
Eritrea,ERI,2006,297.8280588
Eritrea,ERI,2007,317.3294336
Eritrea,ERI,2008,326.0825642
Estonia,EST,1996,3352.733741
Estonia,EST,1997,3619.945496
Estonia,EST,1998,4052.292271
Estonia,EST,1999,4119.347394
Estonia,EST,2000,4070.032827
Estonia,EST,2001,4498.957027
Estonia,EST,2002,5308.347781
Estonia,EST,2003,7174.237415
Estonia,EST,2004,8850.465115
Estonia,EST,2005,10338.31322
Estonia,EST,2006,12595.41065
Estonia,EST,2007,16586.4052
Estonia,EST,2008,18094.54805
Ethiopia,ETH,1996,144.5003524
Ethiopia,ETH,1997,140.8611257
Ethiopia,ETH,1998,124.5056232
Ethiopia,ETH,1999,119.1340818
Ethiopia,ETH,2000,123.8762057
Ethiopia,ETH,2001,120.1789279
Ethiopia,ETH,2002,111.3634356
Ethiopia,ETH,2003,118.8734466
Ethiopia,ETH,2004,135.7623858
Ethiopia,ETH,2005,161.6266248
Ethiopia,ETH,2006,193.7949056
Ethiopia,ETH,2007,243.3026822
Ethiopia,ETH,2008,325.3825543
Faroe Islands,FRO,1998,23737.41677
Faroe Islands,FRO,1999,23982.88067
Faroe Islands,FRO,2000,22479.57899
Faroe Islands,FRO,2001,24300.3786
Faroe Islands,FRO,2002,26553.74656
Faroe Islands,FRO,2003,30993.07706
Faroe Islands,FRO,2004,34979.0817
Faroe Islands,FRO,2005,35847.45356
Faroe Islands,FRO,2006,40719.57503
Faroe Islands,FRO,2007,47024.2297
Faroe Islands,FRO,2008,49773.16687
Fiji,FJI,1996,2714.2535
Fiji,FJI,1997,2641.064749
Fiji,FJI,1998,2070.165847
Fiji,FJI,1999,2408.165466
Fiji,FJI,2000,2076.013308
Fiji,FJI,2001,2038.891729
Fiji,FJI,2002,2259.055796
Fiji,FJI,2003,2835.973972
Fiji,FJI,2004,3332.918533
Fiji,FJI,2005,3658.630832
Fiji,FJI,2006,3749.939813
Fiji,FJI,2007,4078.82327
Fiji,FJI,2008,4177.657789
Finland,FIN,1996,25777.6413
Finland,FIN,1997,24676.49708
Finland,FIN,1998,25989.4075
Finland,FIN,1999,26178.79178
Finland,FIN,2000,24253.25042
Finland,FIN,2001,24913.24452
Finland,FIN,2002,26834.02625
Finland,FIN,2003,32816.16088
Finland,FIN,2004,37636.11173
Finland,FIN,2005,38969.17163
Finland,FIN,2006,41120.67651
Finland,FIN,2007,48288.5491
Finland,FIN,2008,53401.31487
France,FRA,1996,27015.25805
France,FRA,1997,24359.42262
France,FRA,1998,25101.36999
France,FRA,1999,24799.29478
France,FRA,2000,22465.6411
France,FRA,2001,22527.31812
France,FRA,2002,24275.2426
France,FRA,2003,29691.18063
France,FRA,2004,33874.74363
France,FRA,2005,34879.72909
France,FRA,2006,36544.50566
France,FRA,2007,41600.58527
France,FRA,2008,45413.06642
French Polynesia,PYF,1996,18034.67151
French Polynesia,PYF,1997,15943.53269
French Polynesia,PYF,1998,16530.46203
French Polynesia,PYF,1999,16299.56415
French Polynesia,PYF,2000,14530.7772
Gabon,GAB,1996,5111.374331
Gabon,GAB,1997,4663.140106
Gabon,GAB,1998,3827.975793
Gabon,GAB,1999,3883.325188
Gabon,GAB,2000,4116.460693
Gabon,GAB,2001,3976.104887
Gabon,GAB,2002,4102.55271
Gabon,GAB,2003,4892.011618
Gabon,GAB,2004,5685.577736
Gabon,GAB,2005,6826.880545
Gabon,GAB,2006,7141.549167
Gabon,GAB,2007,8352.817101
Gabon,GAB,2008,10094.02746
"Gambia, The",GMB,1996,773.4393371
"Gambia, The",GMB,1997,712.3318781
"Gambia, The",GMB,1998,723.7948296
"Gambia, The",GMB,1999,681.5374179
"Gambia, The",GMB,2000,635.5637584
"Gambia, The",GMB,2001,541.0558913
"Gambia, The",GMB,2002,440.9474786
"Gambia, The",GMB,2003,359.6521781
"Gambia, The",GMB,2004,413.8398773
"Gambia, The",GMB,2005,432.1929061
"Gambia, The",GMB,2006,439.3423674
"Gambia, The",GMB,2007,519.0452663
"Gambia, The",GMB,2008,607.9479735
Georgia,GEO,1996,670.4611048
Georgia,GEO,1997,774.6802033
Georgia,GEO,1998,805.2726845
Georgia,GEO,1999,628.8656516
Georgia,GEO,2000,691.9977101
Georgia,GEO,2001,733.9704142
Georgia,GEO,2002,779.3845935
Georgia,GEO,2003,928.0108227
Georgia,GEO,2004,1207.367228
Georgia,GEO,2005,1530.057521
Georgia,GEO,2006,1872.680416
Georgia,GEO,2007,2492.12878
Georgia,GEO,2008,3174.949001
Germany,DEU,1996,30564.24781
Germany,DEU,1997,27045.71913
Germany,DEU,1998,27340.67288
Germany,DEU,1999,26795.99113
Germany,DEU,2000,23718.7467
Germany,DEU,2001,23687.31689
Germany,DEU,2002,25205.16445
Germany,DEU,2003,30359.95215
Germany,DEU,2004,34165.93403
Germany,DEU,2005,34696.62092
Germany,DEU,2006,36447.87232
Germany,DEU,2007,41814.8191
Germany,DEU,2008,45699.19832
Ghana,GHA,1996,403.5344405
Ghana,GHA,1997,391.35568
Ghana,GHA,1998,414.768461
Ghana,GHA,1999,417.7679907
Ghana,GHA,2000,263.1124679
Ghana,GHA,2001,273.6596668
Ghana,GHA,2002,309.4844703
Ghana,GHA,2003,373.2815537
Ghana,GHA,2004,423.1936389
Ghana,GHA,2005,498.1723904
Ghana,GHA,2006,922.9351677
Ghana,GHA,2007,1090.686718
Ghana,GHA,2008,1224.401554
Greece,GRC,1996,13749.11515
Greece,GRC,1997,13427.83249
Greece,GRC,1998,13472.13764
Greece,GRC,1999,13245.18946
Greece,GRC,2000,12042.95373
Greece,GRC,2001,12538.17883
Greece,GRC,2002,14110.31339
Greece,GRC,2003,18477.57841
Greece,GRC,2004,21955.10409
Greece,GRC,2005,22551.73574
Greece,GRC,2006,24801.15781
Greece,GRC,2007,28827.32636
Greece,GRC,2008,31997.28201
Greenland,GRL,1996,21422.35754
Greenland,GRL,1997,19145.49604
Greenland,GRL,1998,20496.66137
Greenland,GRL,1999,20170.43842
Greenland,GRL,2000,19004.10729
Greenland,GRL,2001,19275.47334
Greenland,GRL,2002,20652.87833
Greenland,GRL,2003,24801.65903
Greenland,GRL,2004,28497.52016
Greenland,GRL,2005,29088.82683
Greenland,GRL,2006,32035.08065
Greenland,GRL,2007,36232.68274
Greenland,GRL,2008,41022.99421
Grenada,GRD,1996,3640.138938
Grenada,GRD,1997,3878.390386
Grenada,GRD,1998,4401.421321
Grenada,GRD,1999,4751.575978
Grenada,GRD,2000,5117.589923
Grenada,GRD,2001,5109.958715
Grenada,GRD,2002,5292.232379
Grenada,GRD,2003,5773.073577
Grenada,GRD,2004,5836.177063
Grenada,GRD,2005,6754.512393
Grenada,GRD,2006,6766.486756
Grenada,GRD,2007,7324.190513
Grenada,GRD,2008,7947.444327
Guam,GUM,2002,21536.5039
Guam,GUM,2003,22572.50466
Guam,GUM,2004,24396.10624
Guam,GUM,2005,26495.87758
Guam,GUM,2006,26555.6452
Guam,GUM,2007,27540.83913
Guam,GUM,2008,29056.497
Guatemala,GTM,1996,1472.276954
Guatemala,GTM,1997,1633.972624
Guatemala,GTM,1998,1742.081129
Guatemala,GTM,1999,1608.69289
Guatemala,GTM,2000,1655.596261
Guatemala,GTM,2001,1568.376276
Guatemala,GTM,2002,1701.771491
Guatemala,GTM,2003,1753.349471
Guatemala,GTM,2004,1872.737083
Guatemala,GTM,2005,2077.83438
Guatemala,GTM,2006,2256.56724
Guatemala,GTM,2007,2489.955836
Guatemala,GTM,2008,2794.221809
Guinea,GIN,1996,475.7463919
Guinea,GIN,1997,453.801151
Guinea,GIN,1998,421.9982034
Guinea,GIN,1999,399.9739644
Guinea,GIN,2000,340.0516918
Guinea,GIN,2001,315.8398003
Guinea,GIN,2002,322.811171
Guinea,GIN,2003,370.1931781
Guinea,GIN,2004,386.3288283
Guinea,GIN,2005,303.424498
Guinea,GIN,2006,427.0691859
Guinea,GIN,2007,622.1516672
Guinea,GIN,2008,674.5971068
Guinea-Bissau,GNB,1996,233.3095607
Guinea-Bissau,GNB,1997,227.638268
Guinea-Bissau,GNB,1998,172.0601488
Guinea-Bissau,GNB,1999,183.8530105
Guinea-Bissau,GNB,2000,297.7519443
Guinea-Bissau,GNB,2001,309.486749
Guinea-Bissau,GNB,2002,321.4813204
Guinea-Bissau,GNB,2003,360.5718585
Guinea-Bissau,GNB,2004,393.3138244
Guinea-Bissau,GNB,2005,424.9534585
Guinea-Bissau,GNB,2006,418.9445004
Guinea-Bissau,GNB,2007,481.0694976
Guinea-Bissau,GNB,2008,583.5445622
Guyana,GUY,1996,925.8985582
Guyana,GUY,1997,985.046889
Guyana,GUY,1998,946.6703474
Guyana,GUY,1999,919.8665766
Guyana,GUY,2000,946.0599372
Guyana,GUY,2001,925.5825046
Guyana,GUY,2002,960.8674827
Guyana,GUY,2003,986.7958173
Guyana,GUY,2004,1045.58861
Guyana,GUY,2005,1098.455216
Guyana,GUY,2006,1945.634348
Guyana,GUY,2007,2327.058324
Guyana,GUY,2008,2576.124957
Haiti,HTI,1996,365.0113863
Haiti,HTI,1997,411.608644
Haiti,HTI,1998,450.9186159
Haiti,HTI,1999,494.2324206
Haiti,HTI,2000,462.4806524
Haiti,HTI,2001,413.7383164
Haiti,HTI,2002,393.0163027
Haiti,HTI,2003,329.7820946
Haiti,HTI,2004,387.9429725
Haiti,HTI,2005,465.3101876
Haiti,HTI,2006,505.4706206
Haiti,HTI,2007,615.8198192
Haiti,HTI,2008,674.7564147
Honduras,HND,1996,687.4814199
Honduras,HND,1997,773.4757317
Honduras,HND,1998,840.1475797
Honduras,HND,1999,845.1088226
Honduras,HND,2000,1088.783165
Honduras,HND,2001,1130.405046
Honduras,HND,2002,1132.872001
Honduras,HND,2003,1157.30427
Honduras,HND,2004,1217.657961
Honduras,HND,2005,1311.741714
Honduras,HND,2006,1437.628785
Honduras,HND,2007,1592.572182
Honduras,HND,2008,1751.595857
"Hong Kong SAR, China",HKG,1996,24818.15455
"Hong Kong SAR, China",HKG,1997,27330.03335
"Hong Kong SAR, China",HKG,1998,25808.97095
"Hong Kong SAR, China",HKG,1999,25091.6666
"Hong Kong SAR, China",HKG,2000,25756.66378
"Hong Kong SAR, China",HKG,2001,25230.21633
"Hong Kong SAR, China",HKG,2002,24665.89
"Hong Kong SAR, China",HKG,2003,23977.01945
"Hong Kong SAR, China",HKG,2004,24928.10037
"Hong Kong SAR, China",HKG,2005,26649.7508
"Hong Kong SAR, China",HKG,2006,28224.21506
"Hong Kong SAR, China",HKG,2007,30594.01784
"Hong Kong SAR, China",HKG,2008,31515.66277
Hungary,HUN,1996,4525.140121
Hungary,HUN,1997,4595.524506
Hungary,HUN,1998,4750.414875
Hungary,HUN,1999,4802.95876
Hungary,HUN,2000,4633.312923
Hungary,HUN,2001,5283.034459
Hungary,HUN,2002,6665.961242
Hungary,HUN,2003,8423.350987
Hungary,HUN,2004,10296.33979
Hungary,HUN,2005,11205.97134
Hungary,HUN,2006,11447.81687
Hungary,HUN,2007,13907.50338
Hungary,HUN,2008,15739.73541
Iceland,ISL,1996,27897.00172
Iceland,ISL,1997,28016.7524
Iceland,ISL,1998,30901.04929
Iceland,ISL,1999,32198.90858
Iceland,ISL,2000,31813.37344
Iceland,ISL,2001,28585.9254
Iceland,ISL,2002,31996.20172
Iceland,ISL,2003,39044.09099
Iceland,ISL,2004,46917.27216
Iceland,ISL,2005,56249.75055
Iceland,ISL,2006,56103.54115
Iceland,ISL,2007,68348.31817
Iceland,ISL,2008,55575.29196
India,IND,1996,396.0146123
India,IND,1997,411.3877208
India,IND,1998,409.1943859
India,IND,1999,437.5861178
India,IND,2000,438.8646304
India,IND,2001,447.0138966
India,IND,2002,466.2008042
India,IND,2003,541.1352279
India,IND,2004,621.3183767
India,IND,2005,707.008019
India,IND,2006,792.0259698
India,IND,2007,1018.166373
India,IND,2008,991.4846304
Indonesia,IDN,1996,1210.948122
Indonesia,IDN,1997,1132.562479
Indonesia,IDN,1998,493.9995683
Indonesia,IDN,1999,714.5453308
Indonesia,IDN,2000,830.5845879
Indonesia,IDN,2001,796.3958746
Indonesia,IDN,2002,957.7806429
Indonesia,IDN,2003,1133.411259
Indonesia,IDN,2004,1222.911783
Indonesia,IDN,2005,1342.544156
Indonesia,IDN,2006,1688.874304
Indonesia,IDN,2007,1975.167375
Indonesia,IDN,2008,2300.370675
"Iran, Islamic Rep.",IRN,1996,1955.146029
"Iran, Islamic Rep.",IRN,1997,1816.586694
"Iran, Islamic Rep.",IRN,1998,1725.756278
"Iran, Islamic Rep.",IRN,1999,1749.827783
"Iran, Islamic Rep.",IRN,2000,1657.169748
"Iran, Islamic Rep.",IRN,2001,1890.991526
"Iran, Islamic Rep.",IRN,2002,1892.036143
"Iran, Islamic Rep.",IRN,2003,2231.342796
"Iran, Islamic Rep.",IRN,2004,2729.838416
"Iran, Islamic Rep.",IRN,2005,3215.653433
"Iran, Islamic Rep.",IRN,2006,3738.689284
"Iran, Islamic Rep.",IRN,2007,4857.368371
"Iran, Islamic Rep.",IRN,2008,5574.410436
Iraq,IRQ,2004,1391.816923
Iraq,IRQ,2005,1849.603911
Iraq,IRQ,2006,2351.812429
Iraq,IRQ,2007,3129.224922
Iraq,IRQ,2008,4521.03247
Ireland,IRL,1996,20860.59696
Ireland,IRL,1997,22542.8108
Ireland,IRL,1998,24263.23885
Ireland,IRL,1999,26284.30478
Ireland,IRL,2000,26241.51451
Ireland,IRL,2001,28227.27791
Ireland,IRL,2002,32539.95499
Ireland,IRL,2003,41107.03151
Ireland,IRL,2004,47630.92531
Ireland,IRL,2005,50878.63814
Ireland,IRL,2006,54306.91278
Ireland,IRL,2007,61359.64477
Ireland,IRL,2008,61257.89572
Isle of Man,IMN,1996,14526.08821
Isle of Man,IMN,1997,16663.41728
Isle of Man,IMN,1998,19366.13321
Isle of Man,IMN,1999,21784.8796
Isle of Man,IMN,2000,21551.77936
Isle of Man,IMN,2001,22059.72362
Isle of Man,IMN,2002,25688.4634
Isle of Man,IMN,2003,30366.03975
Isle of Man,IMN,2004,36608.45177
Isle of Man,IMN,2005,39033.70012
Isle of Man,IMN,2006,43482.35943
Isle of Man,IMN,2007,73153.32375
Isle of Man,IMN,2008,74203.13176
Israel,ISR,1996,19317.87104
Israel,ISR,1997,19658.13263
Israel,ISR,1998,19423.75323
Israel,ISR,1999,19133.0482
Israel,ISR,2000,21042.9816
Israel,ISR,2001,20299.13773
Israel,ISR,2002,18427.60702
Israel,ISR,2003,18964.22364
Israel,ISR,2004,19892.05951
Israel,ISR,2005,20557.12408
Israel,ISR,2006,21827.82317
Israel,ISR,2007,24889.16836
Israel,ISR,2008,29531.57216
Italy,ITA,1996,23020.09994
Italy,ITA,1997,21779.62437
Italy,ITA,1998,22252.35809
Italy,ITA,1999,21936.82313
Italy,ITA,2000,20051.24215
Italy,ITA,2001,20400.81111
Italy,ITA,2002,22196.50675
Italy,ITA,2003,27387.22632
Italy,ITA,2004,31174.56109
Italy,ITA,2005,31959.26295
Italy,ITA,2006,33410.74744
Italy,ITA,2007,37698.78665
Italy,ITA,2008,40640.18386
Jamaica,JAM,1996,2538.822628
Jamaica,JAM,1997,2880.10168
Jamaica,JAM,1998,3338.596274
Jamaica,JAM,1999,3338.20084
Jamaica,JAM,2000,3360.870402
Jamaica,JAM,2001,3394.800708
Jamaica,JAM,2002,3596.496282
Jamaica,JAM,2003,3465.221998
Jamaica,JAM,2004,3719.97351
Jamaica,JAM,2005,4082.240762
Jamaica,JAM,2006,4313.160082
Jamaica,JAM,2007,4620.517913
Jamaica,JAM,2008,4902.512038
Japan,JPN,1996,38436.92631
Japan,JPN,1997,35021.71909
Japan,JPN,1998,31902.7671
Japan,JPN,1999,36026.55608
Japan,JPN,2000,38532.04088
Japan,JPN,2001,33846.46564
Japan,JPN,2002,32289.35054
Japan,JPN,2003,34808.39092
Japan,JPN,2004,37688.72234
Japan,JPN,2005,37217.64873
Japan,JPN,2006,35433.98896
Japan,JPN,2007,35275.22843
Japan,JPN,2008,39339.29757
Jordan,JOR,1996,1469.001548
Jordan,JOR,1997,1499.542259
Jordan,JOR,1998,1605.614581
Jordan,JOR,1999,1624.9791
Jordan,JOR,2000,1657.889256
Jordan,JOR,2001,1728.260509
Jordan,JOR,2002,1812.288374
Jordan,JOR,2003,1889.213962
Jordan,JOR,2004,2061.456882
Jordan,JOR,2005,2203.083787
Jordan,JOR,2006,2537.30049
Jordan,JOR,2007,2762.806354
Jordan,JOR,2008,3385.609665
Kazakhstan,KAZ,1996,1350.333866
Kazakhstan,KAZ,1997,1445.569414
Kazakhstan,KAZ,1998,1468.701798
Kazakhstan,KAZ,1999,1130.113592
Kazakhstan,KAZ,2000,1229.000958
Kazakhstan,KAZ,2001,1490.92709
Kazakhstan,KAZ,2002,1658.030785
Kazakhstan,KAZ,2003,2068.124118
Kazakhstan,KAZ,2004,2874.288291
Kazakhstan,KAZ,2005,3771.278957
Kazakhstan,KAZ,2006,5291.57565
Kazakhstan,KAZ,2007,6771.414797
Kazakhstan,KAZ,2008,8513.564645
Kenya,KEN,1996,427.9512673
Kenya,KEN,1997,452.9848068
Kenya,KEN,1998,473.4327212
Kenya,KEN,1999,421.4328846
Kenya,KEN,2000,403.9797132
Kenya,KEN,2001,401.7763612
Kenya,KEN,2002,395.8493511
Kenya,KEN,2003,436.6875357
Kenya,KEN,2004,458.8843551
Kenya,KEN,2005,519.7999346
Kenya,KEN,2006,697.0066385
Kenya,KEN,2007,839.1081117
Kenya,KEN,2008,916.8992515
Kiribati,KIR,1996,842.9591391
Kiribati,KIR,1997,842.281248
Kiribati,KIR,1998,801.1629805
Kiribati,KIR,1999,832.0547943
Kiribati,KIR,2000,796.7937634
Kiribati,KIR,2001,734.9492461
Kiribati,KIR,2002,826.585504
Kiribati,KIR,2003,1015.038605
Kiribati,KIR,2004,1130.602806
Kiribati,KIR,2005,1214.556667
Kiribati,KIR,2006,1151.555618
Kiribati,KIR,2007,1357.632211
Kiribati,KIR,2008,1413.30234
"Korea, Rep.",KOR,1996,13137.90807
"Korea, Rep.",KOR,1997,12131.8747
"Korea, Rep.",KOR,1998,8085.323528
"Korea, Rep.",KOR,1999,10409.32689
"Korea, Rep.",KOR,2000,11947.57913
"Korea, Rep.",KOR,2001,11252.90755
"Korea, Rep.",KOR,2002,12782.52553
"Korea, Rep.",KOR,2003,14209.38852
"Korea, Rep.",KOR,2004,15907.66583
"Korea, Rep.",KOR,2005,18639.52221
"Korea, Rep.",KOR,2006,20888.38015
"Korea, Rep.",KOR,2007,23060.70788
"Korea, Rep.",KOR,2008,20430.63946
Kosovo,XKX,2000,1087.762401
Kosovo,XKX,2001,1490.361033
Kosovo,XKX,2002,1587.505829
Kosovo,XKX,2003,1969.562713
Kosovo,XKX,2004,2135.332847
Kosovo,XKX,2005,2190.552079
Kosovo,XKX,2006,2371.662079
Kosovo,XKX,2007,2788.479464
Kosovo,XKX,2008,3254.860674
Kuwait,KWT,1996,19300.86144
Kuwait,KWT,1997,17696.13876
Kuwait,KWT,1998,14126.8751
Kuwait,KWT,1999,15391.34574
Kuwait,KWT,2000,18389.38433
Kuwait,KWT,2001,16540.96761
Kuwait,KWT,2002,17789.41981
Kuwait,KWT,2003,22071.56961
Kuwait,KWT,2004,26921.08278
Kuwait,KWT,2005,35490.26132
Kuwait,KWT,2006,42717.55725
Kuwait,KWT,2007,45793.97614
Kuwait,KWT,2008,55571.99806
Kyrgyz Republic,KGZ,1996,394.8601215
Kyrgyz Republic,KGZ,1997,376.4296133
Kyrgyz Republic,KGZ,1998,345.1381316
Kyrgyz Republic,KGZ,1999,258.04934
Kyrgyz Republic,KGZ,2000,279.6205233
Kyrgyz Republic,KGZ,2001,308.4087767
Kyrgyz Republic,KGZ,2002,321.726538
Kyrgyz Republic,KGZ,2003,380.5073624
Kyrgyz Republic,KGZ,2004,433.2351189
Kyrgyz Republic,KGZ,2005,476.55213
Kyrgyz Republic,KGZ,2006,543.1107024
Kyrgyz Republic,KGZ,2007,721.7686908
Kyrgyz Republic,KGZ,2008,966.3936272
Lao PDR,LAO,1996,377.9712559
Lao PDR,LAO,1997,345.4969431
Lao PDR,LAO,1998,248.5413984
Lao PDR,LAO,1999,277.4951028
Lao PDR,LAO,2000,324.8450496
Lao PDR,LAO,2001,326.6408434
Lao PDR,LAO,2002,319.8270584
Lao PDR,LAO,2003,362.6252958
Lao PDR,LAO,2004,417.7516561
Lao PDR,LAO,2005,475.4164695
Lao PDR,LAO,2006,590.3013108
Lao PDR,LAO,2007,709.767087
Lao PDR,LAO,2008,899.4950787
Latvia,LVA,1996,2429.591085
Latvia,LVA,1997,2682.316453
Latvia,LVA,1998,2977.148772
Latvia,LVA,1999,3151.325802
Latvia,LVA,2000,3352.731296
Latvia,LVA,2001,3572.80513
Latvia,LVA,2002,4132.349207
Latvia,LVA,2003,5134.905694
Latvia,LVA,2004,6351.080125
Latvia,LVA,2005,7558.742006
Latvia,LVA,2006,9667.9757
Latvia,LVA,2007,14044.01589
Latvia,LVA,2008,16348.53121
Lebanon,LBN,1996,4457.96016
Lebanon,LBN,1997,5093.290745
Lebanon,LBN,1998,5538.680283
Lebanon,LBN,1999,5509.346429
Lebanon,LBN,2000,5334.903329
Lebanon,LBN,2001,5253.122599
Lebanon,LBN,2002,5436.595223
Lebanon,LBN,2003,5425.66907
Lebanon,LBN,2004,5424.22356
Lebanon,LBN,2005,5339.441291
Lebanon,LBN,2006,5372.065899
Lebanon,LBN,2007,6014.271115
Lebanon,LBN,2008,7109.466413
Lesotho,LSO,1996,529.3669607
Lesotho,LSO,1997,551.2410588
Lesotho,LSO,1998,506.9946049
Lesotho,LSO,1999,493.2493774
Lesotho,LSO,2000,474.8197906
Lesotho,LSO,2001,437.8190154
Lesotho,LSO,2002,407.8093907
Lesotho,LSO,2003,603.6362783
Lesotho,LSO,2004,781.5145954
Lesotho,LSO,2005,862.9463084
Lesotho,LSO,2006,915.7757486
Lesotho,LSO,2007,918.5406962
Lesotho,LSO,2008,935.3941391
Liberia,LBR,1996,72.74622475
Liberia,LBR,1997,125.4627472
Liberia,LBR,1998,140.9609018
Liberia,LBR,1999,161.5641221
Liberia,LBR,2000,183.4149991
Liberia,LBR,2001,174.1815473
Liberia,LBR,2002,177.2851087
Liberia,LBR,2003,133.4945108
Liberia,LBR,2004,149.4452549
Liberia,LBR,2005,168.6480254
Liberia,LBR,2006,178.927099
Liberia,LBR,2007,210.3733292
Liberia,LBR,2008,232.061732
Libya,LBY,1996,5537.183816
Libya,LBY,1997,5999.026651
Libya,LBY,1998,5244.88031
Libya,LBY,1999,6821.312519
Libya,LBY,2000,7145.628494
Libya,LBY,2001,6269.580123
Libya,LBY,2002,3705.442638
Libya,LBY,2003,4676.967503
Libya,LBY,2004,5806.083604
Libya,LBY,2005,8171.361651
Libya,LBY,2006,9344.987518
Libya,LBY,2007,11308.56661
Libya,LBY,2008,14396.04865
Liechtenstein,LIE,1996,79937.21476
Liechtenstein,LIE,1997,72190.79059
Liechtenstein,LIE,1998,76641.0552
Liechtenstein,LIE,1999,81116.43917
Liechtenstein,LIE,2000,74624.55996
Liechtenstein,LIE,2001,74005.01045
Liechtenstein,LIE,2002,79035.53479
Liechtenstein,LIE,2003,89469.75087
Liechtenstein,LIE,2004,99848.61504
Liechtenstein,LIE,2005,104994.0183
Liechtenstein,LIE,2006,113983.1678
Liechtenstein,LIE,2007,130267.2433
Liechtenstein,LIE,2008,142973.8309
Lithuania,LTU,1996,2328.153808
Lithuania,LTU,1997,2830.737533
Lithuania,LTU,1998,3166.895648
Lithuania,LTU,1999,3113.546428
Lithuania,LTU,2000,3297.354701
Lithuania,LTU,2001,3530.147337
Lithuania,LTU,2002,4146.987928
Lithuania,LTU,2003,5505.535669
Lithuania,LTU,2004,6706.966998
Lithuania,LTU,2005,7863.162009
Lithuania,LTU,2006,9240.642548
Lithuania,LTU,2007,12297.91535
Lithuania,LTU,2008,14961.56818
Luxembourg,LUX,1996,52571.93499
Luxembourg,LUX,1997,47042.34711
Luxembourg,LUX,1998,47584.46439
Luxembourg,LUX,1999,51654.4028
Luxembourg,LUX,2000,48735.99549
Luxembourg,LUX,2001,48179.42085
Luxembourg,LUX,2002,52930.64115
Luxembourg,LUX,2003,65445.88503
Luxembourg,LUX,2004,75716.35108
Luxembourg,LUX,2005,80289.69641
Luxembourg,LUX,2006,89739.7117
Luxembourg,LUX,2007,106018.4928
Luxembourg,LUX,2008,114293.8433
"Macao SAR, China",MAC,1996,18097.40061
"Macao SAR, China",MAC,1997,17957.94638
"Macao SAR, China",MAC,1998,16451.33864
"Macao SAR, China",MAC,1999,15505.27875
"Macao SAR, China",MAC,2000,15702.85553
"Macao SAR, China",MAC,2001,15547.87353
"Macao SAR, China",MAC,2002,16312.63772
"Macao SAR, China",MAC,2003,17809.59815
"Macao SAR, China",MAC,2004,22453.19235
"Macao SAR, China",MAC,2005,25058.53593
"Macao SAR, China",MAC,2006,29979.85447
"Macao SAR, China",MAC,2007,36402.56051
"Macao SAR, China",MAC,2008,40667.88423
"Macedonia, FYR",MKD,1996,2222.813128
"Macedonia, FYR",MKD,1997,1868.030611
"Macedonia, FYR",MKD,1998,1774.822037
"Macedonia, FYR",MKD,1999,1814.512523
"Macedonia, FYR",MKD,2000,1854.145956
"Macedonia, FYR",MKD,2001,1815.920091
"Macedonia, FYR",MKD,2002,1961.203736
"Macedonia, FYR",MKD,2003,2408.80011
"Macedonia, FYR",MKD,2004,2762.561701
"Macedonia, FYR",MKD,2005,3037.754585
"Macedonia, FYR",MKD,2006,3325.613242
"Macedonia, FYR",MKD,2007,4036.140237
"Macedonia, FYR",MKD,2008,4793.292959
Madagascar,MDG,1996,287.3565596
Madagascar,MDG,1997,247.1294102
Madagascar,MDG,1998,252.4652058
Madagascar,MDG,1999,243.2527515
Madagascar,MDG,2000,245.9390659
Madagascar,MDG,2001,278.5557032
Madagascar,MDG,2002,262.2859481
Madagascar,MDG,2003,316.7998965
Madagascar,MDG,2004,245.1235876
Madagascar,MDG,2005,274.8197023
Madagascar,MDG,2006,292.1507443
Madagascar,MDG,2007,377.8482928
Madagascar,MDG,2008,470.733254
Malawi,MWI,1996,225.6262847
Malawi,MWI,1997,256.5276762
Malawi,MWI,1998,163.5335012
Malawi,MWI,1999,160.7990288
Malawi,MWI,2000,153.2595087
Malawi,MWI,2001,146.7615397
Malawi,MWI,2002,290.9798977
Malawi,MWI,2003,260.1052517
Malawi,MWI,2004,274.2256294
Malawi,MWI,2005,280.3673842
Malawi,MWI,2006,297.6971211
Malawi,MWI,2007,320.2227274
Malawi,MWI,2008,372.842678
Malaysia,MYS,1996,4797.291371
Malaysia,MYS,1997,4637.320481
Malaysia,MYS,1998,3263.520983
Malaysia,MYS,1999,3493.465229
Malaysia,MYS,2000,4045.170471
Malaysia,MYS,2001,3915.115046
Malaysia,MYS,2002,4167.364387
Malaysia,MYS,2003,4463.675893
Malaysia,MYS,2004,4955.477743
Malaysia,MYS,2005,5593.822995
Malaysia,MYS,2006,6222.982955
Malaysia,MYS,2007,7269.17114
Malaysia,MYS,2008,8513.629541
Maldives,MDV,1996,1736.735195
Maldives,MDV,1997,1923.086188
Maldives,MDV,1998,2006.25691
Maldives,MDV,1999,2146.718037
Maldives,MDV,2000,2226.721729
Maldives,MDV,2001,3031.69994
Maldives,MDV,2002,3047.591909
Maldives,MDV,2003,3481.435219
Maldives,MDV,2004,3952.121991
Maldives,MDV,2005,3648.780045
Maldives,MDV,2006,4811.667469
Maldives,MDV,2007,5559.506828
Maldives,MDV,2008,6583.451252
Mali,MLI,1996,282.081344
Mali,MLI,1997,266.668047
Mali,MLI,1998,281.3221274
Mali,MLI,1999,322.53868
Mali,MLI,2000,269.3483829
Mali,MLI,2001,306.8473237
Mali,MLI,2002,334.2024016
Mali,MLI,2003,391.7912801
Mali,MLI,2004,439.3572924
Mali,MLI,2005,487.9402556
Mali,MLI,2006,521.6425796
Mali,MLI,2007,595.6368319
Mali,MLI,2008,689.6784228
Malta,MLT,1996,9397.800918
Malta,MLT,1997,9679.882857
Malta,MLT,1998,10183.67599
Malta,MLT,1999,10648.9889
Malta,MLT,2000,11039.05651
Malta,MLT,2001,11021.78636
Malta,MLT,2002,11843.93902
Malta,MLT,2003,13689.98999
Malta,MLT,2004,15109.05497
Malta,MLT,2005,15835.34667
Malta,MLT,2006,16671.5672
Malta,MLT,2007,19375.5696
Malta,MLT,2008,21928.70067
Marshall Islands,MHL,1996,2156.728468
Marshall Islands,MHL,1997,2056.200186
Marshall Islands,MHL,1998,2093.444391
Marshall Islands,MHL,1999,2073.367384
Marshall Islands,MHL,2000,2126.91386
Marshall Islands,MHL,2001,2206.697584
Marshall Islands,MHL,2002,2391.485486
Marshall Islands,MHL,2003,2434.714867
Marshall Islands,MHL,2004,2522.076276
Marshall Islands,MHL,2005,2649.670541
Marshall Islands,MHL,2006,2763.739007
Marshall Islands,MHL,2007,2891.928956
Marshall Islands,MHL,2008,2925.977632
Mauritania,MRT,1996,601.7734654
Mauritania,MRT,1997,567.2228466
Mauritania,MRT,1998,539.4253598
Mauritania,MRT,1999,534.7159444
Mauritania,MRT,2000,477.4761024
Mauritania,MRT,2001,464.229758
Mauritania,MRT,2002,460.9542322
Mauritania,MRT,2003,528.5806613
Mauritania,MRT,2004,602.547286
Mauritania,MRT,2005,697.7451989
Mauritania,MRT,2006,944.1304851
Mauritania,MRT,2007,1013.31028
Mauritania,MRT,2008,1167.535733
Mauritius,MUS,1996,3899.435192
Mauritius,MUS,1997,3646.630626
Mauritius,MUS,1998,3593.234081
Mauritius,MUS,1999,3651.232286
Mauritius,MUS,2000,3861.032414
Mauritius,MUS,2001,3792.182152
Mauritius,MUS,2002,3957.512906
Mauritius,MUS,2003,4623.347642
Mauritius,MUS,2004,5229.876738
Mauritius,MUS,2005,5116.045424
Mauritius,MUS,2006,5695.969327
Mauritius,MUS,2007,6574.654338
Mauritius,MUS,2008,8030.063005
Mexico,MEX,1996,4153.147901
Mexico,MEX,1997,4939.823744
Mexico,MEX,1998,5079.972214
Mexico,MEX,1999,5777.231681
Mexico,MEX,2000,6720.902113
Mexico,MEX,2001,7031.378864
Mexico,MEX,2002,7106.082019
Mexico,MEX,2003,6751.998987
Mexico,MEX,2004,7199.059665
Mexico,MEX,2005,7986.798439
Mexico,MEX,2006,8767.920258
Mexico,MEX,2007,9330.341687
Mexico,MEX,2008,9689.052887
"Micronesia, Fed. Sts.",FSM,1996,2019.91527
"Micronesia, Fed. Sts.",FSM,1997,1906.880058
"Micronesia, Fed. Sts.",FSM,1998,2029.289159
"Micronesia, Fed. Sts.",FSM,1999,2046.639645
"Micronesia, Fed. Sts.",FSM,2000,2170.92021
"Micronesia, Fed. Sts.",FSM,2001,2240.021462
"Micronesia, Fed. Sts.",FSM,2002,2257.773665
"Micronesia, Fed. Sts.",FSM,2003,2296.26086
"Micronesia, Fed. Sts.",FSM,2004,2252.803138
"Micronesia, Fed. Sts.",FSM,2005,2355.544465
"Micronesia, Fed. Sts.",FSM,2006,2397.451838
"Micronesia, Fed. Sts.",FSM,2007,2441.501551
"Micronesia, Fed. Sts.",FSM,2008,2516.018683
Moldova,MDA,1996,462.1720076
Moldova,MDA,1997,528.177763
Moldova,MDA,1998,448.8413622
Moldova,MDA,1999,321.0267965
Moldova,MDA,2000,354.0037319
Moldova,MDA,2001,407.7302432
Moldova,MDA,2002,458.6778168
Moldova,MDA,2003,548.2896867
Moldova,MDA,2004,720.9409321
Moldova,MDA,2005,831.2052862
Moldova,MDA,2006,950.6482044
Moldova,MDA,2007,1230.434685
Moldova,MDA,2008,1695.972811
Monaco,MCO,1996,101328.7946
Monaco,MCO,1997,90882.92188
Monaco,MCO,1998,93093.25854
Monaco,MCO,1999,91383.94049
Monaco,MCO,2000,82534.87377
Monaco,MCO,2001,82552.56745
Monaco,MCO,2002,89061.05067
Monaco,MCO,2003,108978.4897
Monaco,MCO,2004,123382.0149
Monaco,MCO,2005,126655.5981
Monaco,MCO,2006,135535.0024
Monaco,MCO,2007,170156.6944
Monaco,MCO,2008,192989.1895
Mongolia,MNG,1996,580.9110949
Mongolia,MNG,1997,505.602916
Mongolia,MNG,1998,477.3497294
Mongolia,MNG,1999,445.0069434
Mongolia,MNG,2000,474.2133361
Mongolia,MNG,2001,524.0145924
Mongolia,MNG,2002,571.501883
Mongolia,MNG,2003,646.0561295
Mongolia,MNG,2004,797.8377432
Mongolia,MNG,2005,998.8226671
Mongolia,MNG,2006,1334.651896
Mongolia,MNG,2007,1634.081431
Mongolia,MNG,2008,2139.625631
Montenegro,MNE,2000,1627.042893
Montenegro,MNE,2001,1909.583957
Montenegro,MNE,2002,2106.243274
Montenegro,MNE,2003,2789.10735
Montenegro,MNE,2004,3380.199535
Montenegro,MNE,2005,3674.617924
Montenegro,MNE,2006,4383.595097
Montenegro,MNE,2007,5957.145693
Montenegro,MNE,2008,7367.751909
Morocco,MAR,1996,1556.786387
Morocco,MAR,1997,1393.224149
Morocco,MAR,1998,1469.031945
Morocco,MAR,1999,1444.989055
Morocco,MAR,2000,1332.382358
Morocco,MAR,2001,1336.775376
Morocco,MAR,2002,1413.757176
Morocco,MAR,2003,1721.973863
Morocco,MAR,2004,1948.812275
Morocco,MAR,2005,2013.755559
Morocco,MAR,2006,2191.478567
Morocco,MAR,2007,2494.353552
Morocco,MAR,2008,2884.94776
Mozambique,MOZ,1996,216.8754283
Mozambique,MOZ,1997,253.1096478
Mozambique,MOZ,1998,284.373291
Mozambique,MOZ,1999,301.539472
Mozambique,MOZ,2000,277.6486591
Mozambique,MOZ,2001,256.4414872
Mozambique,MOZ,2002,262.8840551
Mozambique,MOZ,2003,283.8911588
Mozambique,MOZ,2004,336.3318145
Mozambique,MOZ,2005,369.1545359
Mozambique,MOZ,2006,385.7567141
Mozambique,MOZ,2007,422.1461573
Mozambique,MOZ,2008,503.1277109
Myanmar,MMR,2000,193.1874804
Myanmar,MMR,2001,138.9249275
Myanmar,MMR,2002,143.7760051
Myanmar,MMR,2003,219.782326
Myanmar,MMR,2004,219.8156688
Myanmar,MMR,2005,247.2427006
Myanmar,MMR,2006,296.9007284
Myanmar,MMR,2007,410.4500001
Myanmar,MMR,2008,643.9513703
Namibia,NAM,1996,2311.96379
Namibia,NAM,1997,2332.383578
Namibia,NAM,1998,2113.442775
Namibia,NAM,1999,2055.364975
Namibia,NAM,2000,2057.995057
Namibia,NAM,2001,1834.294086
Namibia,NAM,2002,1713.047594
Namibia,NAM,2003,2482.36862
Namibia,NAM,2004,3288.257373
Namibia,NAM,2005,3573.146387
Namibia,NAM,2006,3881.209535
Namibia,NAM,2007,4202.510968
Namibia,NAM,2008,4029.065061
Nauru,NRU,2007,2028.063733
Nauru,NRU,2008,3914.956935
Nepal,NPL,1996,206.4330066
Nepal,NPL,1997,219.684466
Nepal,NPL,1998,212.4689465
Nepal,NPL,1999,215.9805921
Nepal,NPL,2000,231.4255004
Nepal,NPL,2001,248.6183539
Nepal,NPL,2002,246.3075621
Nepal,NPL,2003,253.7200412
Nepal,NPL,2004,287.4001056
Nepal,NPL,2005,317.089198
Nepal,NPL,2006,348.6314534
Nepal,NPL,2007,393.8843518
Nepal,NPL,2008,473.8444409
Netherlands,NLD,1996,28698.66602
Netherlands,NLD,1997,26404.98673
Netherlands,NLD,1998,27533.60679
Netherlands,NLD,1999,27951.73429
Netherlands,NLD,2000,25921.12794
Netherlands,NLD,2001,26584.12169
Netherlands,NLD,2002,28817.32321
Netherlands,NLD,2003,35245.16407
Netherlands,NLD,2004,39954.64222
Netherlands,NLD,2005,41577.16009
Netherlands,NLD,2006,44453.97119
Netherlands,NLD,2007,51241.31562
Netherlands,NLD,2008,56928.82048
New Caledonia,NCL,1996,18257.21505
New Caledonia,NCL,1997,16341.58735
New Caledonia,NCL,1998,15387.86958
New Caledonia,NCL,1999,14611.8328
New Caledonia,NCL,2000,12579.59511
New Zealand,NZL,1996,18794.43604
New Zealand,NZL,1997,17474.02032
New Zealand,NZL,1998,14738.44557
New Zealand,NZL,1999,15322.08851
New Zealand,NZL,2000,13641.10272
New Zealand,NZL,2001,13882.85683
New Zealand,NZL,2002,16874.31232
New Zealand,NZL,2003,21913.70817
New Zealand,NZL,2004,25420.39935
New Zealand,NZL,2005,27750.89515
New Zealand,NZL,2006,26670.86452
New Zealand,NZL,2007,32509.73471
New Zealand,NZL,2008,31287.77865
Nicaragua,NIC,1996,916.5187095
Nicaragua,NIC,1997,917.1288401
Nicaragua,NIC,1998,951.8733523
Nicaragua,NIC,1999,981.0204892
Nicaragua,NIC,2000,1016.020743
Nicaragua,NIC,2001,1043.600758
Nicaragua,NIC,2002,1010.147277
Nicaragua,NIC,2003,1015.565314
Nicaragua,NIC,2004,1091.505157
Nicaragua,NIC,2005,1175.116225
Nicaragua,NIC,2006,1240.992617
Nicaragua,NIC,2007,1344.301871
Nicaragua,NIC,2008,1518.805386
Niger,NER,1996,202.4214038
Niger,NER,1997,181.2955353
Niger,NER,1998,196.7250241
Niger,NER,1999,184.3464766
Niger,NER,2000,158.4055972
Niger,NER,2001,165.2507247
Niger,NER,2002,177.8208384
Niger,NER,2003,215.8050408
Niger,NER,2004,232.5661574
Niger,NER,2005,250.0383731
Niger,NER,2006,258.0463873
Niger,NER,2007,292.55962
Niger,NER,2008,354.8185998
Nigeria,NGA,1996,315.9670713
Nigeria,NGA,1997,315.5522291
Nigeria,NGA,1998,274.9873911
Nigeria,NGA,1999,300.6090075
Nigeria,NGA,2000,379.1193264
Nigeria,NGA,2001,351.7996666
Nigeria,NGA,2002,459.4572117
Nigeria,NGA,2003,512.650719
Nigeria,NGA,2004,648.8150852
Nigeria,NGA,2005,807.8938738
Nigeria,NGA,2006,1019.743286
Nigeria,NGA,2007,1136.829645
Nigeria,NGA,2008,1383.893354
Northern Mariana Islands,MNP,2002,18672.83277
Northern Mariana Islands,MNP,2003,18376.79096
Northern Mariana Islands,MNP,2004,18427.42488
Northern Mariana Islands,MNP,2005,16644.70382
Northern Mariana Islands,MNP,2006,16048.50214
Northern Mariana Islands,MNP,2007,15761.26225
Northern Mariana Islands,MNP,2008,16350.05485
Norway,NOR,1996,37321.44339
Norway,NOR,1997,36628.51742
Norway,NOR,1998,34788.77856
Norway,NOR,1999,36371.39579
Norway,NOR,2000,38146.71539
Norway,NOR,2001,38549.58934
Norway,NOR,2002,43061.15038
Norway,NOR,2003,50111.65445
Norway,NOR,2004,57570.26916
Norway,NOR,2005,66775.3944
Norway,NOR,2006,74114.69715
Norway,NOR,2007,85170.86217
Norway,NOR,2008,97007.94189
Oman,OMN,1996,6830.596669
Oman,OMN,1997,7039.577431
Oman,OMN,1998,6254.953411
Oman,OMN,1999,6967.059664
Oman,OMN,2000,8601.185906
Oman,OMN,2001,8476.610511
Oman,OMN,2002,8629.101774
Oman,OMN,2003,9069.810206
Oman,OMN,2004,10129.28886
Oman,OMN,2005,12376.97936
Oman,OMN,2006,14408.0505
Oman,OMN,2007,15805.13226
Oman,OMN,2008,22075.03536
Pakistan,PAK,1996,502.7867074
Pakistan,PAK,1997,483.6529366
Pakistan,PAK,1998,470.2489295
Pakistan,PAK,1999,465.0757661
Pakistan,PAK,2000,533.8624114
Pakistan,PAK,2001,510.6568157
Pakistan,PAK,2002,499.8600033
Pakistan,PAK,2003,563.594342
Pakistan,PAK,2004,649.8048233
Pakistan,PAK,2005,711.4699463
Pakistan,PAK,2006,873.7702727
Pakistan,PAK,2007,950.4327931
Pakistan,PAK,2008,1039.312088
Palau,PLW,1996,6116.273812
Palau,PLW,1997,6246.923798
Palau,PLW,1998,6333.405312
Palau,PLW,1999,6011.176439
Palau,PLW,2000,7709.653194
Palau,PLW,2001,8150.860647
Palau,PLW,2002,8256.626137
Palau,PLW,2003,8018.411168
Palau,PLW,2004,8754.488992
Palau,PLW,2005,9611.499046
Palau,PLW,2006,9648.505896
Palau,PLW,2007,9682.19825
Palau,PLW,2008,9724.713269
Panama,PAN,1996,3529.78532
Panama,PAN,1997,3741.242759
Panama,PAN,1998,3974.650657
Panama,PAN,1999,4082.614583
Panama,PAN,2000,4060.299035
Panama,PAN,2001,4046.372833
Panama,PAN,2002,4126.140671
Panama,PAN,2003,4267.13578
Panama,PAN,2004,4591.892776
Panama,PAN,2005,4916.54886
Panama,PAN,2006,5348.518399
Panama,PAN,2007,6068.086607
Panama,PAN,2008,6973.92804
Papua New Guinea,PNG,1996,1026.490809
Papua New Guinea,PNG,1997,957.6510705
Papua New Guinea,PNG,1998,716.1785447
Papua New Guinea,PNG,1999,640.286085
Papua New Guinea,PNG,2000,631.9468526
Papua New Guinea,PNG,2001,539.0031987
Papua New Guinea,PNG,2002,511.6597331
Papua New Guinea,PNG,2003,588.3503924
Papua New Guinea,PNG,2004,637.3686654
Papua New Guinea,PNG,2005,770.5648783
Papua New Guinea,PNG,2006,1283.770364
Papua New Guinea,PNG,2007,1440.130304
Papua New Guinea,PNG,2008,1719.516327
Paraguay,PRY,1996,2009.650315
Paraguay,PRY,1997,2000.911081
Paraguay,PRY,1998,1773.239886
Paraguay,PRY,1999,1614.903106
Paraguay,PRY,2000,1545.626423
Paraguay,PRY,2001,1417.260582
Paraguay,PRY,2002,1148.229882
Paraguay,PRY,2003,1174.779347
Paraguay,PRY,2004,1408.527976
Paraguay,PRY,2005,1507.145691
Paraguay,PRY,2006,1809.710539
Paraguay,PRY,2007,2312.192926
Paraguay,PRY,2008,3059.992184
Peru,PER,1996,2260.637733
Peru,PER,1997,2342.06999
Peru,PER,1998,2202.461226
Peru,PER,1999,1963.410567
Peru,PER,2000,1996.719689
Peru,PER,2001,1981.243653
Peru,PER,2002,2059.192958
Peru,PER,2003,2180.250997
Peru,PER,2004,2448.143899
Peru,PER,2005,2754.780029
Peru,PER,2006,3171.498056
Peru,PER,2007,3611.21047
Peru,PER,2008,4208.878011
Philippines,PHL,1996,1159.589292
Philippines,PHL,1997,1127.003716
Philippines,PHL,1998,966.708438
Philippines,PHL,1999,1087.237365
Philippines,PHL,2000,1038.910977
Philippines,PHL,2001,957.2807441
Philippines,PHL,2002,1000.068135
Philippines,PHL,2003,1010.553196
Philippines,PHL,2004,1079.03715
Philippines,PHL,2005,1194.697155
Philippines,PHL,2006,1391.772325
Philippines,PHL,2007,1672.685433
Philippines,PHL,2008,1919.466195
Poland,POL,1996,4140.983541
Poland,POL,1997,4116.926243
Poland,POL,1998,4510.413117
Poland,POL,1999,4389.976415
Poland,POL,2000,4492.727604
Poland,POL,2001,4981.198619
Poland,POL,2002,5196.932921
Poland,POL,2003,5693.52416
Poland,POL,2004,6681.178818
Poland,POL,2005,8021.251569
Poland,POL,2006,9040.770206
Poland,POL,2007,11260.31852
Poland,POL,2008,14001.44688
Portugal,PRT,1996,12185.06389
Portugal,PRT,1997,11578.44151
Portugal,PRT,1998,12202.69141
Portugal,PRT,1999,12474.81808
Portugal,PRT,2000,11502.39681
Portugal,PRT,2001,11729.14616
Portugal,PRT,2002,12882.28897
Portugal,PRT,2003,15772.7334
Portugal,PRT,2004,18045.5881
Portugal,PRT,2005,18784.9485
Portugal,PRT,2006,19821.44463
Portugal,PRT,2007,22780.05845
Portugal,PRT,2008,24815.60884
Puerto Rico,PRI,1996,12173.16369
Puerto Rico,PRI,1997,12817.64496
Puerto Rico,PRI,1998,14304.40499
Puerto Rico,PRI,1999,15220.99134
Puerto Rico,PRI,2000,16192.12697
Puerto Rico,PRI,2001,18123.1987
Puerto Rico,PRI,2002,18731.45939
Puerto Rico,PRI,2003,19557.12025
Puerto Rico,PRI,2004,20988.99233
Puerto Rico,PRI,2005,21959.3227
Puerto Rico,PRI,2006,22935.94116
Puerto Rico,PRI,2007,23664.88235
Puerto Rico,PRI,2008,24898.33884
Qatar,QAT,1996,17344.95693
Qatar,QAT,1997,21132.8714
Qatar,QAT,1998,18631.78792
Qatar,QAT,1999,21763.45098
Qatar,QAT,2000,29986.29015
Qatar,QAT,2001,28430.63635
Qatar,QAT,2002,29990.65492
Qatar,QAT,2003,34176.98183
Qatar,QAT,2004,41818.35256
Qatar,QAT,2005,51488.49529
Qatar,QAT,2006,60256.55926
Qatar,QAT,2007,67005.61258
Qatar,QAT,2008,82967.37228
Romania,ROU,1996,1643.88046
Romania,ROU,1997,1589.014061
Romania,ROU,1998,1864.991387
Romania,ROU,1999,1610.13437
Romania,ROU,2000,1668.162731
Romania,ROU,2001,1839.72945
Romania,ROU,2002,2124.873613
Romania,ROU,2003,2774.955806
Romania,ROU,2004,3552.92452
Romania,ROU,2005,4676.315183
Romania,ROU,2006,5828.745662
Romania,ROU,2007,8214.185378
Romania,ROU,2008,10136.47356
Russian Federation,RUS,1996,2643.897696
Russian Federation,RUS,1997,2737.556662
Russian Federation,RUS,1998,1834.846937
Russian Federation,RUS,1999,1330.751464
Russian Federation,RUS,2000,1771.586602
Russian Federation,RUS,2001,2100.362386
Russian Federation,RUS,2002,2375.059044
Russian Federation,RUS,2003,2975.132778
Russian Federation,RUS,2004,4102.372294
Russian Federation,RUS,2005,5323.473877
Russian Federation,RUS,2006,6920.194398
Russian Federation,RUS,2007,9101.253085
Russian Federation,RUS,2008,11635.26037
Rwanda,RWA,1996,226.0501885
Rwanda,RWA,1997,283.8776235
Rwanda,RWA,1998,281.7841627
Rwanda,RWA,1999,239.3781268
Rwanda,RWA,2000,216.172747
Rwanda,RWA,2001,201.0569654
Rwanda,RWA,2002,196.5097078
Rwanda,RWA,2003,212.6619491
Rwanda,RWA,2004,236.9114381
Rwanda,RWA,2005,287.0931877
Rwanda,RWA,2006,342.3656294
Rwanda,RWA,2007,404.8533039
Rwanda,RWA,2008,500.6687264
Samoa,WSM,1996,1459.041298
Samoa,WSM,1997,1657.833377
Samoa,WSM,1998,1557.867761
Samoa,WSM,1999,1489.647875
Samoa,WSM,2000,1540.689023
Samoa,WSM,2001,1555.474051
Samoa,WSM,2002,1631.417027
Samoa,WSM,2003,1907.209417
Samoa,WSM,2004,2351.033814
Samoa,WSM,2005,2571.286691
Samoa,WSM,2006,2807.954274
Samoa,WSM,2007,3022.561555
Samoa,WSM,2008,3509.761499
San Marino,SMR,1999,44862.89451
San Marino,SMR,2000,40188.82018
San Marino,SMR,2001,41806.29631
San Marino,SMR,2002,44576.26257
San Marino,SMR,2003,56168.01668
San Marino,SMR,2004,65035.9605
San Marino,SMR,2005,66987.40092
San Marino,SMR,2006,70662.039
San Marino,SMR,2007,83009.16459
San Marino,SMR,2008,90682.58101
Sao Tome and Principe,STP,2001,510.0216381
Sao Tome and Principe,STP,2002,555.8185378
Sao Tome and Principe,STP,2003,649.3402153
Sao Tome and Principe,STP,2004,693.3045683
Sao Tome and Principe,STP,2005,810.860157
Sao Tome and Principe,STP,2006,843.8009447
Sao Tome and Principe,STP,2007,894.0927988
Sao Tome and Principe,STP,2008,1126.462102
Saudi Arabia,SAU,1996,8293.220703
Saudi Arabia,SAU,1997,8508.518662
Saudi Arabia,SAU,1998,7382.1606
Saudi Arabia,SAU,1999,7968.548574
Saudi Arabia,SAU,2000,9126.954277
Saudi Arabia,SAU,2001,8643.494005
Saudi Arabia,SAU,2002,8655.311531
Saudi Arabia,SAU,2003,9567.458285
Saudi Arabia,SAU,2004,11138.80746
Saudi Arabia,SAU,2005,13739.82945
Saudi Arabia,SAU,2006,15334.66994
Saudi Arabia,SAU,2007,16472.16605
Saudi Arabia,SAU,2008,20037.83234
Senegal,SEN,1996,564.4959826
Senegal,SEN,1997,508.0726031
Senegal,SEN,1998,534.0979161
Senegal,SEN,1999,533.2851225
Senegal,SEN,2000,473.4500338
Senegal,SEN,2001,481.2870397
Senegal,SEN,2002,513.026227
Senegal,SEN,2003,642.7663113
Senegal,SEN,2004,733.0581811
Senegal,SEN,2005,773.8698713
Senegal,SEN,2006,809.8038296
Senegal,SEN,2007,950.3978522
Senegal,SEN,2008,1101.202117
Serbia,SRB,1996,2749.966439
Serbia,SRB,1997,3178.831484
Serbia,SRB,1998,2416.069077
Serbia,SRB,1999,2441.430389
Serbia,SRB,2000,870.1365252
Serbia,SRB,2001,1634.875061
Serbia,SRB,2002,2149.909404
Serbia,SRB,2003,2832.490652
Serbia,SRB,2004,3331.228766
Serbia,SRB,2005,3528.131008
Serbia,SRB,2006,4129.758741
Serbia,SRB,2007,5458.121718
Serbia,SRB,2008,6701.773913
Seychelles,SYC,1996,6583.201018
Seychelles,SYC,1997,7280.989621
Seychelles,SYC,1998,7715.918147
Seychelles,SYC,1999,7747.612159
Seychelles,SYC,2000,7578.851053
Seychelles,SYC,2001,7663.13708
Seychelles,SYC,2002,8331.261997
Seychelles,SYC,2003,8524.961236
Seychelles,SYC,2004,10176.65871
Seychelles,SYC,2005,11092.51074
Seychelles,SYC,2006,12014.39987
Seychelles,SYC,2007,12154.82994
Seychelles,SYC,2008,11122.86207
Sierra Leone,SLE,1996,219.9124669
Sierra Leone,SLE,1997,197.4746069
Sierra Leone,SLE,1998,154.4397334
Sierra Leone,SLE,1999,150.8369725
Sierra Leone,SLE,2000,139.3147734
Sierra Leone,SLE,2001,227.7790471
Sierra Leone,SLE,2002,249.9395402
Sierra Leone,SLE,2003,263.7618312
Sierra Leone,SLE,2004,263.1045817
Sierra Leone,SLE,2005,287.6891942
Sierra Leone,SLE,2006,322.313468
Sierra Leone,SLE,2007,358.8274716
Sierra Leone,SLE,2008,406.3759178
Singapore,SGP,1996,26263.01627
Singapore,SGP,1997,26386.45745
Singapore,SGP,1998,21824.03558
Singapore,SGP,1999,21795.69696
Singapore,SGP,2000,23792.60707
Singapore,SGP,2001,21577.07823
Singapore,SGP,2002,22016.83279
Singapore,SGP,2003,23573.62804
Singapore,SGP,2004,27405.27136
Singapore,SGP,2005,29869.85398
Singapore,SGP,2006,33579.85948
Singapore,SGP,2007,39223.58187
Singapore,SGP,2008,39721.04818
Slovak Republic,SVK,1996,5177.748864
Slovak Republic,SVK,1997,5138.148679
Slovak Republic,SVK,1998,5533.588845
Slovak Republic,SVK,1999,5636.579532
Slovak Republic,SVK,2000,5402.929754
Slovak Republic,SVK,2001,5708.082659
Slovak Republic,SVK,2002,6524.861878
Slovak Republic,SVK,2003,8696.913242
Slovak Republic,SVK,2004,10654.79371
Slovak Republic,SVK,2005,11669.41975
Slovak Republic,SVK,2006,13139.03218
Slovak Republic,SVK,2007,16057.73314
Slovak Republic,SVK,2008,18650.35912
Slovenia,SVN,1996,10801.42843
Slovenia,SVN,1997,10447.93571
Slovenia,SVN,1998,11165.27633
Slovenia,SVN,1999,11441.99702
Slovenia,SVN,2000,10227.73677
Slovenia,SVN,2001,10479.29634
Slovenia,SVN,2002,11814.09994
Slovenia,SVN,2003,14880.47154
Slovenia,SVN,2004,17260.90151
Slovenia,SVN,2005,18169.18091
Slovenia,SVN,2006,19726.1265
Slovenia,SVN,2007,23841.31792
Slovenia,SVN,2008,27501.81027
Solomon Islands,SLB,1996,1529.664872
Solomon Islands,SLB,1997,1494.733483
Solomon Islands,SLB,1998,1206.157561
Solomon Islands,SLB,1999,1200.917702
Solomon Islands,SLB,2000,1054.518572
Solomon Islands,SLB,2001,944.81684
Solomon Islands,SLB,2002,784.9562874
Solomon Islands,SLB,2003,744.7657423
Solomon Islands,SLB,2004,818.442619
Solomon Islands,SLB,2005,880.8748508
Solomon Islands,SLB,2006,948.6592511
Solomon Islands,SLB,2007,1046.931125
Solomon Islands,SLB,2008,1205.791067
South Africa,ZAF,1996,3440.864223
South Africa,ZAF,1997,3495.111222
South Africa,ZAF,1998,3104.97641
South Africa,ZAF,1999,3032.305397
South Africa,ZAF,2000,2982.000426
South Africa,ZAF,2001,2621.554437
South Africa,ZAF,2002,2461.355087
South Africa,ZAF,2003,3678.102817
South Africa,ZAF,2004,4745.071685
South Africa,ZAF,2005,5277.925459
South Africa,ZAF,2006,5506.196503
South Africa,ZAF,2007,5994.195403
South Africa,ZAF,2008,5695.05786
South Sudan,SSD,2008,1678.711862
Spain,ESP,1996,16069.20709
Spain,ESP,1997,14696.21611
Spain,ESP,1998,15340.33211
Spain,ESP,1999,15678.21523
Spain,ESP,2000,14676.70609
Spain,ESP,2001,15323.6114
Spain,ESP,2002,17019.53541
Spain,ESP,2003,21495.70741
Spain,ESP,2004,24918.64584
Spain,ESP,2005,26510.71745
Spain,ESP,2006,28482.60948
Spain,ESP,2007,32709.40104
Spain,ESP,2008,35579.30993
Sri Lanka,LKA,1996,756.4580666
Sri Lanka,LKA,1997,816.8164858
Sri Lanka,LKA,1998,850.5318591
Sri Lanka,LKA,1999,838.6223944
Sri Lanka,LKA,2000,869.4956921
Sri Lanka,LKA,2001,832.5588021
Sri Lanka,LKA,2002,867.6360437
Sri Lanka,LKA,2003,982.6418822
Sri Lanka,LKA,2004,1066.588484
Sri Lanka,LKA,2005,1250.028424
Sri Lanka,LKA,2006,1437.701974
Sri Lanka,LKA,2007,1632.961131
Sri Lanka,LKA,2008,2041.219053
St. Kitts and Nevis,KNA,1996,7348.879786
St. Kitts and Nevis,KNA,1997,8147.554671
St. Kitts and Nevis,KNA,1998,8235.563259
St. Kitts and Nevis,KNA,1999,8700.348672
St. Kitts and Nevis,KNA,2000,9267.754831
St. Kitts and Nevis,KNA,2001,10025.61596
St. Kitts and Nevis,KNA,2002,10358.27264
St. Kitts and Nevis,KNA,2003,9847.603679
St. Kitts and Nevis,KNA,2004,10476.36342
St. Kitts and Nevis,KNA,2005,11173.7604
St. Kitts and Nevis,KNA,2006,12928.63314
St. Kitts and Nevis,KNA,2007,13538.92858
St. Kitts and Nevis,KNA,2008,14681.36684
St. Lucia,LCA,1996,4444.150393
St. Lucia,LCA,1997,4480.558044
St. Lucia,LCA,1998,4814.861237
St. Lucia,LCA,1999,5000.482141
St. Lucia,LCA,2000,4996.267719
St. Lucia,LCA,2001,4693.861534
St. Lucia,LCA,2002,4684.104534
St. Lucia,LCA,2003,5117.859195
St. Lucia,LCA,2004,5504.479
St. Lucia,LCA,2005,5810.177324
St. Lucia,LCA,2006,6856.986885
St. Lucia,LCA,2007,7636.496032
St. Lucia,LCA,2008,7577.209593
St. Vincent and the Grenadines,VCT,1996,3067.219095
St. Vincent and the Grenadines,VCT,1997,3219.973334
St. Vincent and the Grenadines,VCT,1998,3461.943365
St. Vincent and the Grenadines,VCT,1999,3621.794106
St. Vincent and the Grenadines,VCT,2000,3672.635267
St. Vincent and the Grenadines,VCT,2001,3982.297759
St. Vincent and the Grenadines,VCT,2002,4270.924902
St. Vincent and the Grenadines,VCT,2003,4446.758618
St. Vincent and the Grenadines,VCT,2004,4808.215911
St. Vincent and the Grenadines,VCT,2005,5064.451065
St. Vincent and the Grenadines,VCT,2006,5609.648939
St. Vincent and the Grenadines,VCT,2007,5977.544851
St. Vincent and the Grenadines,VCT,2008,6370.437886
Sudan,SDN,1996,296.8743719
Sudan,SDN,1997,374.1136199
Sudan,SDN,1998,350.4396796
Sudan,SDN,1999,323.5717952
Sudan,SDN,2000,361.0305843
Sudan,SDN,2001,377.5254454
Sudan,SDN,2002,412.1517561
Sudan,SDN,2003,477.7384078
Sudan,SDN,2004,565.0569459
Sudan,SDN,2005,679.7539949
Sudan,SDN,2006,893.8793645
Sudan,SDN,2007,1115.6952
Sudan,SDN,2008,1291.528826
Suriname,SUR,1996,1912.360173
Suriname,SUR,1997,2038.818609
Suriname,SUR,1998,2047.404454
Suriname,SUR,1999,1896.013914
Suriname,SUR,2000,1888.61829
Suriname,SUR,2001,1598.077512
Suriname,SUR,2002,2232.513244
Suriname,SUR,2003,2603.139009
Suriname,SUR,2004,3006.48773
Suriname,SUR,2005,3595.088055
Suriname,SUR,2006,5207.90002
Suriname,SUR,2007,5761.39536
Suriname,SUR,2008,6858.163158
Swaziland,SWZ,1996,1632.530935
Swaziland,SWZ,1997,1709.868987
Swaziland,SWZ,1998,1536.930273
Swaziland,SWZ,1999,1480.338095
Swaziland,SWZ,2000,1637.450072
Swaziland,SWZ,2001,1437.634908
Swaziland,SWZ,2002,1324.996184
Swaziland,SWZ,2003,2020.993994
Swaziland,SWZ,2004,2529.633535
Swaziland,SWZ,2005,2873.862091
Swaziland,SWZ,2006,2937.360743
Swaziland,SWZ,2007,3047.488037
Swaziland,SWZ,2008,2842.43853
Sweden,SWE,1996,32587.2641
Sweden,SWE,1997,29897.79263
Sweden,SWE,1998,30143.62746
Sweden,SWE,1999,30577.08177
Sweden,SWE,2000,29283.00505
Sweden,SWE,2001,26969.24457
Sweden,SWE,2002,29571.70446
Sweden,SWE,2003,36961.42537
Sweden,SWE,2004,42442.22045
Sweden,SWE,2005,43085.35315
Sweden,SWE,2006,46256.4716
Sweden,SWE,2007,53324.37937
Sweden,SWE,2008,55746.84238
Switzerland,CHE,1996,46676.85094
Switzerland,CHE,1997,40417.96228
Switzerland,CHE,1998,41497.20261
Switzerland,CHE,1999,40581.30705
Switzerland,CHE,2000,37868.32306
Switzerland,CHE,2001,38538.99005
Switzerland,CHE,2002,41376.39399
Switzerland,CHE,2003,48087.58314
Switzerland,CHE,2004,53340.14766
Switzerland,CHE,2005,54952.67372
Switzerland,CHE,2006,57579.50195
Switzerland,CHE,2007,63555.2375
Switzerland,CHE,2008,72487.84593
Syrian Arab Republic,SYR,1996,934.5505657
Syrian Arab Republic,SYR,1997,955.7091761
Syrian Arab Republic,SYR,1998,974.2751917
Syrian Arab Republic,SYR,1999,991.1204287
Syrian Arab Republic,SYR,2000,1177.629268
Syrian Arab Republic,SYR,2001,1258.421953
Syrian Arab Republic,SYR,2002,1263.013455
Syrian Arab Republic,SYR,2003,1253.391403
Syrian Arab Republic,SYR,2004,1408.852738
Syrian Arab Republic,SYR,2005,1577.457182
Syrian Arab Republic,SYR,2006,1762.246107
Syrian Arab Republic,SYR,2007,2058.035209
Tajikistan,TJK,1996,178.4572911
Tajikistan,TJK,1997,155.3419848
Tajikistan,TJK,1998,219.2285699
Tajikistan,TJK,1999,177.6921724
Tajikistan,TJK,2000,138.4366033
Tajikistan,TJK,2001,170.8159721
Tajikistan,TJK,2002,189.3878519
Tajikistan,TJK,2003,236.3014438
Tajikistan,TJK,2004,309.2801834
Tajikistan,TJK,2005,337.359236
Tajikistan,TJK,2006,404.2872665
Tajikistan,TJK,2007,520.035956
Tajikistan,TJK,2008,706.0914128
Tanzania,TZA,1996,216.9327932
Tanzania,TZA,1997,249.931287
Tanzania,TZA,1998,296.3409541
Tanzania,TZA,1999,299.7867537
Tanzania,TZA,2000,306.7238273
Tanzania,TZA,2001,304.339284
Tanzania,TZA,2002,308.0565528
Tanzania,TZA,2003,323.0721066
Tanzania,TZA,2004,345.189237
Tanzania,TZA,2005,442.2528543
Tanzania,TZA,2006,471.5273761
Tanzania,TZA,2007,528.063562
Tanzania,TZA,2008,651.2624387
Thailand,THA,1996,3042.903989
Thailand,THA,1997,2467.492895
Thailand,THA,1998,1845.466238
Thailand,THA,1999,2032.992147
Thailand,THA,2000,2007.564826
Thailand,THA,2001,1893.145377
Thailand,THA,2002,2096.054617
Thailand,THA,2003,2358.930629
Thailand,THA,2004,2659.839108
Thailand,THA,2005,2893.651356
Thailand,THA,2006,3368.952576
Thailand,THA,2007,3972.206475
Thailand,THA,2008,4378.687406
Timor-Leste,TLS,2000,402.0066527
Timor-Leste,TLS,2001,481.2947703
Timor-Leste,TLS,2002,457.7900166
Timor-Leste,TLS,2003,448.0615951
Timor-Leste,TLS,2004,444.3430043
Timor-Leste,TLS,2005,454.5957016
Timor-Leste,TLS,2006,419.622201
Timor-Leste,TLS,2007,498.8491398
Timor-Leste,TLS,2008,611.7759685
Togo,TGO,1996,333.189857
Togo,TGO,1997,330.5621437
Togo,TGO,1998,339.2473068
Togo,TGO,1999,326.6040699
Togo,TGO,2000,260.3932935
Togo,TGO,2001,260.6394652
Togo,TGO,2002,280.8032123
Togo,TGO,2003,310.4370144
Togo,TGO,2004,349.9937253
Togo,TGO,2005,372.1721837
Togo,TGO,2006,377.336029
Togo,TGO,2007,420.7604743
Togo,TGO,2008,513.391914
Tonga,TON,1996,2278.570599
Tonga,TON,1997,2193.384592
Tonga,TON,1998,1942.523265
Tonga,TON,1999,2015.41817
Tonga,TON,2000,2063.207236
Tonga,TON,2001,1837.977391
Tonga,TON,2002,1842.404421
Tonga,TON,2003,2029.714718
Tonga,TON,2004,2284.307858
Tonga,TON,2005,2594.74999
Tonga,TON,2006,2892.522663
Tonga,TON,2007,2932.315883
Tonga,TON,2008,3392.887992
Trinidad and Tobago,TTO,1996,4577.004528
Trinidad and Tobago,TTO,1997,4551.321854
Trinidad and Tobago,TTO,1998,4786.92537
Trinidad and Tobago,TTO,1999,5383.552427
Trinidad and Tobago,TTO,2000,6430.947262
Trinidad and Tobago,TTO,2001,6935.721451
Trinidad and Tobago,TTO,2002,7049.626612
Trinidad and Tobago,TTO,2003,8804.518666
Trinidad and Tobago,TTO,2004,10290.51914
Trinidad and Tobago,TTO,2005,12323.12705
Trinidad and Tobago,TTO,2006,14095.96337
Trinidad and Tobago,TTO,2007,16530.18044
Trinidad and Tobago,TTO,2008,21188.11857
Tunisia,TUN,1996,2116.167296
Tunisia,TUN,1997,2210.786913
Tunisia,TUN,1998,2295.237988
Tunisia,TUN,1999,2389.036036
Tunisia,TUN,2000,2213.914088
Tunisia,TUN,2001,2254.933126
Tunisia,TUN,2002,2346.05937
Tunisia,TUN,2003,2761.969249
Tunisia,TUN,2004,3112.835029
Tunisia,TUN,2005,3194.562243
Tunisia,TUN,2006,3371.71231
Tunisia,TUN,2007,3778.184171
Tunisia,TUN,2008,4310.093026
Turkey,TUR,1996,3053.950828
Turkey,TUR,1997,3144.389453
Turkey,TUR,1998,4496.503169
Turkey,TUR,1999,4108.127878
Turkey,TUR,2000,4316.553895
Turkey,TUR,2001,3119.603167
Turkey,TUR,2002,3660.069826
Turkey,TUR,2003,4718.456754
Turkey,TUR,2004,6040.88491
Turkey,TUR,2005,7384.258482
Turkey,TUR,2006,8034.606676
Turkey,TUR,2007,9709.720022
Turkey,TUR,2008,10850.87039
Turkmenistan,TKM,1996,554.9547151
Turkmenistan,TKM,1997,562.5765411
Turkmenistan,TKM,1998,590.3934846
Turkmenistan,TKM,1999,548.7268759
Turkmenistan,TKM,2000,643.1750108
Turkmenistan,TKM,2001,774.4763388
Turkmenistan,TKM,2002,967.9017468
Turkmenistan,TKM,2003,1283.885977
Turkmenistan,TKM,2004,1453.917166
Turkmenistan,TKM,2005,1704.51475
Turkmenistan,TKM,2006,2136.66815
Turkmenistan,TKM,2007,2600.371428
Turkmenistan,TKM,2008,3904.467675
Tuvalu,TUV,1996,1332.63248
Tuvalu,TUV,1997,1369.074641
Tuvalu,TUV,1998,1370.904026
Tuvalu,TUV,1999,1464.648593
Tuvalu,TUV,2000,1458.817097
Tuvalu,TUV,2001,1387.357543
Tuvalu,TUV,2002,1603.631992
Tuvalu,TUV,2003,1866.599625
Tuvalu,TUV,2004,2176.564747
Tuvalu,TUV,2005,2178.02921
Tuvalu,TUV,2006,2259.333279
Tuvalu,TUV,2007,2638.911845
Tuvalu,TUV,2008,2929.42164
Uganda,UGA,1996,285.0934669
Uganda,UGA,1997,286.7169623
Uganda,UGA,1998,291.9864072
Uganda,UGA,1999,257.7477999
Uganda,UGA,2000,257.6303609
Uganda,UGA,2001,234.9840775
Uganda,UGA,2002,240.2423229
Uganda,UGA,2003,237.9995917
Uganda,UGA,2004,288.0236949
Uganda,UGA,2005,315.7880227
Uganda,UGA,2006,336.4593923
Uganda,UGA,2007,401.8508631
Uganda,UGA,2008,449.6928183
Ukraine,UKR,1996,872.7091855
Ukraine,UKR,1997,991.2301007
Ukraine,UKR,1998,835.2602988
Ukraine,UKR,1999,635.7662418
Ukraine,UKR,2000,635.7089635
Ukraine,UKR,2001,780.7380243
Ukraine,UKR,2002,879.4750486
Ukraine,UKR,2003,1048.522488
Ukraine,UKR,2004,1367.352433
Ukraine,UKR,2005,1828.717626
Ukraine,UKR,2006,2303.018831
Ukraine,UKR,2007,3068.608998
Ukraine,UKR,2008,3891.037823
United Arab Emirates,ARE,1996,28615.58214
United Arab Emirates,ARE,1997,29199.52461
United Arab Emirates,ARE,1998,26663.3087
United Arab Emirates,ARE,1999,28260.00502
United Arab Emirates,ARE,2000,33071.26869
United Arab Emirates,ARE,2001,31061.52935
United Arab Emirates,ARE,2002,31311.35936
United Arab Emirates,ARE,2003,33230.52318
United Arab Emirates,ARE,2004,36161.17061
United Arab Emirates,ARE,2005,39439.80197
United Arab Emirates,ARE,2006,42372.22166
United Arab Emirates,ARE,2007,42672.61323
United Arab Emirates,ARE,2008,45758.90554
United Kingdom,GBR,1996,24219.62285
United Kingdom,GBR,1997,26621.48006
United Kingdom,GBR,1998,28014.8947
United Kingdom,GBR,1999,28383.66891
United Kingdom,GBR,2000,27982.35576
United Kingdom,GBR,2001,27427.5875
United Kingdom,GBR,2002,29785.98629
United Kingdom,GBR,2003,34173.97998
United Kingdom,GBR,2004,39983.98467
United Kingdom,GBR,2005,41732.64054
United Kingdom,GBR,2006,44252.31582
United Kingdom,GBR,2007,50134.3161
United Kingdom,GBR,2008,46767.59222
United States,USA,1996,30068.23092
United States,USA,1997,31572.69023
United States,USA,1998,32949.19776
United States,USA,1999,34620.9289
United States,USA,2000,36449.85512
United States,USA,2001,37273.6181
United States,USA,2002,38166.03784
United States,USA,2003,39677.19835
United States,USA,2004,41921.80976
United States,USA,2005,44307.92058
United States,USA,2006,46437.06712
United States,USA,2007,48061.53766
United States,USA,2008,48401.42734
Uruguay,URY,1996,6316.26994
Uruguay,URY,1997,7327.934445
Uruguay,URY,1998,7711.07657
Uruguay,URY,1999,7247.398162
Uruguay,URY,2000,6871.897677
Uruguay,URY,2001,6281.377047
Uruguay,URY,2002,4088.768855
Uruguay,URY,2003,3622.052284
Uruguay,URY,2004,4117.308853
Uruguay,URY,2005,5220.951116
Uruguay,URY,2006,5877.876078
Uruguay,URY,2007,7009.697046
Uruguay,URY,2008,9062.312164
Uzbekistan,UZB,1996,600.5981578
Uzbekistan,UZB,1997,623.0026524
Uzbekistan,UZB,1998,623.2161328
Uzbekistan,UZB,1999,702.4807441
Uzbekistan,UZB,2000,558.221144
Uzbekistan,UZB,2001,456.7034892
Uzbekistan,UZB,2002,383.3494997
Uzbekistan,UZB,2003,396.129969
Uzbekistan,UZB,2004,465.1198869
Uzbekistan,UZB,2005,546.7768502
Uzbekistan,UZB,2006,654.2838373
Uzbekistan,UZB,2007,830.4076942
Uzbekistan,UZB,2008,1082.286025
Vanuatu,VUT,1996,1427.10248
Vanuatu,VUT,1997,1462.238195
Vanuatu,VUT,1998,1472.957091
Vanuatu,VUT,1999,1477.841822
Vanuatu,VUT,2000,1469.849149
Vanuatu,VUT,2001,1362.601731
Vanuatu,VUT,2002,1353.934819
Vanuatu,VUT,2003,1580.502724
Vanuatu,VUT,2004,1787.947023
Vanuatu,VUT,2005,1886.433359
Vanuatu,VUT,2006,2047.097823
Vanuatu,VUT,2007,2393.367265
Vanuatu,VUT,2008,2697.961375
"Venezuela, RB",VEN,1996,3013.841754
"Venezuela, RB",VEN,1997,3714.533682
"Venezuela, RB",VEN,1998,3874.981721
"Venezuela, RB",VEN,1999,4077.496123
"Venezuela, RB",VEN,2000,4783.530592
"Venezuela, RB",VEN,2001,4926.311339
"Venezuela, RB",VEN,2002,3655.97562
"Venezuela, RB",VEN,2003,3232.524276
"Venezuela, RB",VEN,2004,4271.372404
"Venezuela, RB",VEN,2005,5432.688675
"Venezuela, RB",VEN,2006,6735.797588
"Venezuela, RB",VEN,2007,8318.803399
"Venezuela, RB",VEN,2008,11227.23138
Vietnam,VNM,1996,322.8570476
Vietnam,VNM,1997,346.5790136
Vietnam,VNM,1998,346.827244
Vietnam,VNM,1999,361.2944022
Vietnam,VNM,2000,388.2705386
Vietnam,VNM,2001,402.8251339
Vietnam,VNM,2002,427.8380264
Vietnam,VNM,2003,477.9894967
Vietnam,VNM,2004,543.8658871
Vietnam,VNM,2005,683.5968039
Vietnam,VNM,2006,779.9748933
Vietnam,VNM,2007,901.3248932
Vietnam,VNM,2008,1143.268575
Virgin Islands (U.S.),VIR,2002,30126.25564
Virgin Islands (U.S.),VIR,2003,31823.12499
Virgin Islands (U.S.),VIR,2004,35024.47749
Virgin Islands (U.S.),VIR,2005,40929.79512
Virgin Islands (U.S.),VIR,2006,41560.9342
Virgin Islands (U.S.),VIR,2007,44333.06566
Virgin Islands (U.S.),VIR,2008,39207.00375
West Bank and Gaza,PSE,1996,1317.466751
West Bank and Gaza,PSE,1997,1389.164971
West Bank and Gaza,PSE,1998,1465.046057
West Bank and Gaza,PSE,1999,1499.492177
West Bank and Gaza,PSE,2000,1476.17185
West Bank and Gaza,PSE,2001,1335.553195
West Bank and Gaza,PSE,2002,1156.217473
West Bank and Gaza,PSE,2003,1257.69857
West Bank and Gaza,PSE,2004,1337.565724
West Bank and Gaza,PSE,2005,1455.187875
West Bank and Gaza,PSE,2006,1441.4617
West Bank and Gaza,PSE,2007,1575.5634
West Bank and Gaza,PSE,2008,1855.45702
"Yemen, Rep.",YEM,1996,364.1212046
"Yemen, Rep.",YEM,1997,416.7870194
"Yemen, Rep.",YEM,1998,374.3573128
"Yemen, Rep.",YEM,1999,439.6972109
"Yemen, Rep.",YEM,2000,539.1043652
"Yemen, Rep.",YEM,2001,535.8330521
"Yemen, Rep.",YEM,2002,565.2083683
"Yemen, Rep.",YEM,2003,605.1647335
"Yemen, Rep.",YEM,2004,693.0835669
"Yemen, Rep.",YEM,2005,813.9643857
"Yemen, Rep.",YEM,2006,901.7599875
"Yemen, Rep.",YEM,2007,995.6284828
"Yemen, Rep.",YEM,2008,1203.720733
Zambia,ZMB,1996,382.9151113
Zambia,ZMB,1997,445.1711797
Zambia,ZMB,1998,355.5380307
Zambia,ZMB,1999,332.461627
Zambia,ZMB,2000,341.9055625
Zambia,ZMB,2001,378.2736238
Zambia,ZMB,2002,377.1305244
Zambia,ZMB,2003,429.1583434
Zambia,ZMB,2004,530.2772217
Zambia,ZMB,2005,691.3178164
Zambia,ZMB,2006,1030.154199
Zambia,ZMB,2007,1104.587985
Zambia,ZMB,2008,1369.068249
Zimbabwe,ZWE,1996,742.5726729
Zimbabwe,ZWE,1997,728.4008356
Zimbabwe,ZWE,1998,538.2848555
Zimbabwe,ZWE,1999,568.4439527
Zimbabwe,ZWE,2000,547.3588785
Zimbabwe,ZWE,2001,548.0587312
Zimbabwe,ZWE,2002,507.3480034
Zimbabwe,ZWE,2003,453.3511552
Zimbabwe,ZWE,2004,454.3606654
Zimbabwe,ZWE,2005,444.7605075
Zimbabwe,ZWE,2006,414.796232
Zimbabwe,ZWE,2007,396.9982166
Zimbabwe,ZWE,2008,325.6785703